epoch,step,d_loss,g_loss,D_real,D_fake
1,1,1.372231,0.666409,0.515404,0.504605
1,2,1.356230,0.650565,0.537598,0.518321
1,3,1.356717,0.647941,0.556324,0.529732
1,4,1.346510,0.653403,0.562383,0.529920
1,5,1.353011,0.661268,0.557184,0.526284
1,6,1.341460,0.669606,0.570859,0.523810
1,7,1.350595,0.669084,0.562140,0.524809
1,8,1.349402,0.662647,0.581094,0.536231
1,9,1.390804,0.687251,0.562188,0.541995
1,10,1.383184,0.697150,0.569869,0.537183
1,11,1.391613,0.686324,0.542684,0.538981
1,12,1.421057,0.674405,0.534578,0.550625
1,13,1.452505,0.680883,0.526399,0.551990
1,14,1.427911,0.699851,0.521865,0.538105
1,15,1.401472,0.715607,0.508593,0.516204
1,16,1.379385,0.731537,0.504115,0.498076
1,17,1.384961,0.737974,0.490690,0.490577
1,18,1.386423,0.730831,0.490962,0.493948
1,19,1.403145,0.713276,0.491195,0.503829
1,20,1.422961,0.693143,0.494974,0.517624
1,21,1.422665,0.694934,0.488268,0.515680
1,22,1.412198,0.710127,0.486214,0.503722
1,23,1.402711,0.718392,0.480046,0.491846
1,24,1.385010,0.726295,0.484199,0.486042
1,25,1.377978,0.733080,0.484685,0.481272
1,26,1.371688,0.739791,0.484592,0.476891
1,27,1.363142,0.749821,0.481648,0.473152
1,28,1.356630,0.762419,0.482608,0.467611
1,29,1.363208,0.771373,0.479702,0.462823
1,30,1.359753,0.773242,0.482391,0.464153
1,31,1.354665,0.768652,0.482837,0.469612
1,32,1.371129,0.758541,0.481590,0.473995
1,33,1.384589,0.738425,0.483572,0.481715
1,34,1.376833,0.725700,0.488901,0.488052
1,35,1.381473,0.721589,0.491761,0.489873
1,36,1.364131,0.723053,0.508993,0.491681
1,37,1.362386,0.713111,0.511521,0.494460
1,38,1.378099,0.684469,0.517114,0.509475
1,39,1.418321,0.660271,0.517981,0.530195
1,40,1.409846,0.652323,0.526158,0.539992
1,41,1.426581,0.659075,0.522564,0.539316
1,42,1.400937,0.668385,0.518681,0.527852
1,43,1.398690,0.676782,0.515099,0.519612
1,44,1.390779,0.683562,0.512349,0.513065
1,45,1.379042,0.688206,0.514278,0.508153
1,46,1.375585,0.692294,0.512089,0.504824
1,47,1.376628,0.697836,0.514559,0.501858
1,48,1.361280,0.702649,0.515364,0.498487
1,49,1.356033,0.708724,0.515002,0.495581
2,1,1.344120,0.716688,0.519688,0.492003
2,2,1.319767,0.735294,0.531551,0.487751
2,3,1.322712,0.753217,0.524402,0.478476
2,4,1.274054,0.790354,0.554133,0.471442
2,5,1.288870,0.802823,0.537696,0.463129
2,6,1.287494,0.774761,0.593980,0.510772
2,7,1.533600,0.774097,0.592847,0.616777
2,8,1.518703,0.833044,0.507113,0.554908
2,9,1.435551,0.770421,0.515718,0.529488
2,10,1.530164,0.690379,0.484286,0.568644
2,11,1.495734,0.711735,0.477846,0.539690
2,12,1.415828,0.729361,0.485806,0.504935
2,13,1.396353,0.735738,0.483792,0.491840
2,14,1.394685,0.728607,0.483106,0.488541
2,15,1.399132,0.720037,0.484869,0.491104
2,16,1.399527,0.709928,0.485114,0.495824
2,17,1.403518,0.705113,0.486663,0.498652
2,18,1.404202,0.704190,0.485581,0.497390
2,19,1.393914,0.708159,0.486902,0.494803
2,20,1.390423,0.712973,0.485671,0.491953
2,21,1.387934,0.717788,0.485508,0.488695
2,22,1.383513,0.721210,0.488570,0.485825
2,23,1.375615,0.725120,0.489378,0.484249
2,24,1.371141,0.729146,0.487091,0.482122
2,25,1.364425,0.733957,0.489270,0.479532
2,26,1.375097,0.737092,0.484784,0.476982
2,27,1.368637,0.736709,0.486866,0.475946
2,28,1.369680,0.736422,0.489336,0.476792
2,29,1.361588,0.734177,0.490928,0.477987
2,30,1.368591,0.733432,0.490980,0.478827
2,31,1.367497,0.733200,0.492414,0.478342
2,32,1.364249,0.735132,0.492402,0.479051
2,33,1.356237,0.737036,0.496131,0.478607
2,34,1.350188,0.742556,0.500019,0.478204
2,35,1.344448,0.738806,0.503227,0.477707
2,36,1.343822,0.729936,0.508773,0.482815
2,37,1.353621,0.709931,0.514757,0.494122
2,38,1.375506,0.673749,0.520386,0.512137
2,39,1.382620,0.663658,0.530148,0.520896
2,40,1.380573,0.664440,0.537790,0.523014
2,41,1.358814,0.664016,0.543476,0.521748
2,42,1.362493,0.665882,0.550206,0.524643
2,43,1.363022,0.666277,0.555454,0.523877
2,44,1.358799,0.664050,0.561680,0.524826
2,45,1.368726,0.663760,0.557043,0.531000
2,46,1.381053,0.671461,0.551703,0.532681
2,47,1.383390,0.676785,0.539404,0.529486
2,48,1.375225,0.687710,0.537457,0.521210
2,49,1.368428,0.695472,0.525123,0.510750
3,1,1.372175,0.714067,0.523996,0.510668
3,2,1.375448,0.708665,0.515962,0.506266
3,3,1.381734,0.715526,0.523240,0.514661
3,4,1.389594,0.655169,0.518567,0.526004
3,5,1.520553,0.661432,0.508065,0.572381
3,6,1.461842,0.700344,0.487904,0.536508
3,7,1.439298,0.711764,0.482130,0.514955
3,8,1.409024,0.731159,0.475679,0.491779
3,9,1.394452,0.737906,0.476252,0.479279
3,10,1.383677,0.744561,0.476111,0.475514
3,11,1.368441,0.752038,0.478264,0.470168
3,12,1.366009,0.764999,0.477932,0.465808
3,13,1.359978,0.777641,0.477549,0.463336
3,14,1.339078,0.792737,0.480353,0.456893
3,15,1.329840,0.818340,0.479077,0.448309
3,16,1.318629,0.835631,0.480872,0.438648
3,17,1.309413,0.865046,0.478199,0.432556
3,18,1.320824,0.878220,0.478430,0.430585
3,19,1.326116,0.854298,0.479481,0.442206
3,20,1.390955,0.740452,0.477854,0.487442
3,21,1.465616,0.693130,0.471364,0.514704
3,22,1.469891,0.669479,0.473540,0.519140
3,23,1.430316,0.678690,0.495840,0.519332
3,24,1.403048,0.680212,0.503079,0.513742
3,25,1.406693,0.685470,0.499014,0.510912
3,26,1.401966,0.689984,0.498328,0.507436
3,27,1.392505,0.691339,0.500805,0.504598
3,28,1.390310,0.690276,0.500992,0.504631
3,29,1.390333,0.694885,0.502293,0.503271
3,30,1.386238,0.698128,0.501419,0.501215
3,31,1.379239,0.701911,0.504090,0.498830
3,32,1.377872,0.703596,0.503589,0.497078
3,33,1.375801,0.707446,0.504655,0.496719
3,34,1.371636,0.709564,0.505066,0.494988
3,35,1.373555,0.712908,0.500056,0.493074
3,36,1.357551,0.719071,0.508519,0.490719
3,37,1.349162,0.731548,0.506817,0.485030
3,38,1.337415,0.741343,0.508998,0.479278
3,39,1.347350,0.741784,0.502044,0.474762
3,40,1.343374,0.740395,0.507008,0.477571
3,41,1.348873,0.733161,0.509508,0.484210
3,42,1.324610,0.744294,0.529188,0.488141
3,43,1.330456,0.741323,0.527341,0.487756
3,44,1.357125,0.721389,0.535726,0.513216
3,45,1.371592,0.745079,0.548143,0.534732
3,46,1.378598,0.797535,0.541723,0.524156
3,47,1.340607,0.784852,0.531625,0.501648
3,48,1.403619,0.730935,0.534109,0.530642
3,49,1.410290,0.680062,0.541187,0.546847
4,1,1.406061,0.676465,0.533366,0.536319
4,2,1.408718,0.694403,0.512211,0.524905
4,3,1.371621,0.711787,0.522639,0.512499
4,4,1.362474,0.728674,0.520676,0.498456
4,5,1.327286,0.747464,0.527269,0.488575
4,6,1.313699,0.767566,0.534387,0.485155
4,7,1.356972,0.770390,0.514818,0.488421
4,8,1.414189,0.763518,0.514802,0.512726
4,9,1.379310,0.752281,0.526855,0.516080
4,10,1.426681,0.758151,0.486614,0.504320
4,11,1.429819,0.770277,0.467788,0.491852
4,12,1.423146,0.779497,0.455643,0.474636
4,13,1.384138,0.794044,0.457096,0.460354
4,14,1.392957,0.801783,0.452580,0.451559
4,15,1.391815,0.804191,0.451651,0.446581
4,16,1.381008,0.803445,0.461038,0.442986
4,17,1.335801,0.831792,0.471137,0.443187
4,18,1.324252,0.858546,0.472620,0.436275
4,19,1.336001,0.866389,0.470164,0.426326
4,20,1.352387,0.818054,0.471390,0.447454
4,21,1.393099,0.729782,0.478532,0.482959
4,22,1.418218,0.680160,0.491546,0.508522
4,23,1.401006,0.674355,0.510693,0.516764
4,24,1.396948,0.675244,0.513183,0.516559
4,25,1.396356,0.677918,0.512452,0.515881
4,26,1.374952,0.683370,0.521768,0.513231
4,27,1.371353,0.686768,0.523510,0.511188
4,28,1.364071,0.690724,0.524826,0.508687
4,29,1.347913,0.695037,0.530444,0.505041
4,30,1.369018,0.695484,0.522996,0.508208
4,31,1.373935,0.702432,0.534325,0.509059
4,32,1.363034,0.705389,0.524947,0.508789
4,33,1.364823,0.709253,0.522804,0.502843
4,34,1.373595,0.712458,0.514715,0.505296
4,35,1.367922,0.712398,0.507250,0.495551
4,36,1.374073,0.720142,0.507778,0.499429
4,37,1.374646,0.729743,0.504388,0.496886
4,38,1.383867,0.734415,0.496436,0.494631
4,39,1.379377,0.742834,0.492606,0.490849
4,40,1.382878,0.746219,0.491418,0.485698
4,41,1.386813,0.762246,0.482604,0.483305
4,42,1.380430,0.774634,0.480585,0.477180
4,43,1.353302,0.801647,0.484817,0.469084
4,44,1.411587,0.779963,0.456159,0.461916
4,45,1.396117,0.752035,0.469815,0.473066
4,46,1.391780,0.739194,0.468813,0.470800
4,47,1.381929,0.727376,0.481599,0.482674
4,48,1.414775,0.722140,0.475189,0.488209
4,49,1.390471,0.718488,0.487774,0.492305
5,1,1.393182,0.719773,0.486209,0.493074
5,2,1.378154,0.722903,0.493346,0.489640
5,3,1.369043,0.734031,0.493601,0.482579
5,4,1.362867,0.743236,0.494918,0.478581
5,5,1.349701,0.751866,0.497739,0.473880
5,6,1.343471,0.764029,0.498849,0.467958
5,7,1.335936,0.783153,0.501077,0.467344
5,8,1.326351,0.810521,0.497121,0.460353
5,9,1.322284,0.801620,0.490044,0.459466
5,10,1.372394,0.765455,0.477745,0.468691
5,11,1.426852,0.714560,0.471435,0.492416
5,12,1.411218,0.695481,0.489416,0.499451
5,13,1.400989,0.683539,0.500696,0.510529
5,14,1.403483,0.694913,0.502842,0.507614
5,15,1.389892,0.705466,0.494236,0.503371
5,16,1.385068,0.702188,0.506149,0.502064
5,17,1.399866,0.717256,0.498574,0.502622
5,18,1.379122,0.713830,0.498152,0.494533
5,19,1.377972,0.726356,0.492738,0.489686
5,20,1.351443,0.742813,0.504840,0.486194
5,21,1.371693,0.749178,0.490434,0.476336
5,22,1.354559,0.758494,0.491341,0.471382
5,23,1.400139,0.746610,0.473072,0.467238
5,24,1.374144,0.737800,0.488595,0.479068
5,25,1.349277,0.747944,0.512409,0.487252
5,26,1.340656,0.781488,0.501061,0.473769
5,27,1.358084,0.761475,0.493901,0.468218
5,28,1.401370,0.760258,0.484793,0.487154
5,29,1.388699,0.723154,0.493484,0.491227
5,30,1.434916,0.716192,0.481052,0.509598
5,31,1.411103,0.744347,0.480705,0.494013
5,32,1.385055,0.765553,0.477788,0.478597
5,33,1.372750,0.787253,0.475395,0.467813
5,34,1.357651,0.786375,0.485509,0.449410
5,35,1.367048,0.776675,0.477466,0.461970
5,36,1.350794,0.758857,0.494745,0.471550
5,37,1.381766,0.750204,0.500988,0.495860
5,38,1.368963,0.745964,0.506043,0.495705
5,39,1.387756,0.760620,0.507606,0.506668
5,40,1.413490,0.783918,0.484264,0.494494
5,41,1.403970,0.783383,0.463611,0.478495
5,42,1.424546,0.800438,0.442583,0.461863
5,43,1.393047,0.800960,0.445217,0.456586
5,44,1.389619,0.802564,0.451570,0.455404
5,45,1.391635,0.785649,0.451263,0.450996
5,46,1.365529,0.789041,0.460342,0.452179
5,47,1.362541,0.783765,0.467588,0.450861
5,48,1.387875,0.775370,0.466988,0.450768
5,49,1.346226,0.765758,0.487072,0.462517
6,1,1.350431,0.749734,0.495955,0.468781
6,2,1.361778,0.737504,0.496441,0.480617
6,3,1.354305,0.738071,0.508886,0.489686
6,4,1.372865,0.722319,0.511255,0.501697
6,5,1.361194,0.700448,0.521728,0.502966
6,6,1.365785,0.680572,0.539567,0.519249
6,7,1.388375,0.672223,0.550410,0.540676
6,8,1.392472,0.689039,0.549276,0.534047
6,9,1.342838,0.714075,0.554149,0.515988
6,10,1.327665,0.732988,0.535681,0.498098
6,11,1.311161,0.727263,0.549626,0.491815
6,12,1.342760,0.733184,0.536193,0.499623
6,13,1.288473,0.731980,0.585145,0.504619
6,14,1.318988,0.759042,0.597466,0.519959
6,15,1.330581,0.807709,0.556061,0.501262
6,16,1.330393,0.816117,0.522761,0.486150
6,17,1.407435,0.803360,0.478868,0.479818
6,18,1.363803,0.869013,0.474052,0.470143
6,19,1.378993,0.914272,0.432044,0.422548
6,20,1.355226,0.936189,0.417891,0.392886
6,21,1.418196,0.874974,0.405014,0.385343
6,22,1.371991,0.831691,0.430709,0.410741
6,23,1.342594,0.821920,0.449602,0.429147
6,24,1.358443,0.805981,0.460965,0.437596
6,25,1.339654,0.798070,0.503266,0.451468
6,26,1.363683,0.768024,0.486561,0.460227
6,27,1.350358,0.708776,0.498982,0.475184
6,28,1.347702,0.648097,0.532613,0.503312
6,29,1.364000,0.670975,0.583565,0.543694
6,30,1.404198,0.689370,0.558617,0.544510
6,31,1.382975,0.736713,0.523257,0.514997
6,32,1.376484,0.745177,0.501341,0.490080
6,33,1.388157,0.761380,0.479750,0.479834
6,34,1.372611,0.778765,0.486085,0.477576
6,35,1.371892,0.783149,0.465273,0.465503
6,36,1.379347,0.759844,0.468882,0.460448
6,37,1.374629,0.747975,0.473500,0.463259
6,38,1.345864,0.766400,0.490333,0.467909
6,39,1.332444,0.756163,0.485742,0.466295
6,40,1.371794,0.769968,0.472758,0.469808
6,41,1.378038,0.781495,0.478022,0.469613
6,42,1.369945,0.774341,0.485464,0.476275
6,43,1.388462,0.760880,0.476280,0.480399
6,44,1.403984,0.729820,0.491495,0.492331
6,45,1.398257,0.735406,0.487491,0.493664
6,46,1.355569,0.709590,0.502508,0.486195
6,47,1.364563,0.698458,0.512351,0.499586
6,48,1.358114,0.701420,0.530147,0.505644
6,49,1.390050,0.718874,0.534504,0.525069
7,1,1.347258,0.730569,0.517712,0.494142
7,2,1.383042,0.779983,0.502356,0.491438
7,3,1.353221,0.788147,0.481829,0.459542
7,4,1.370545,0.800926,0.476097,0.467059
7,5,1.353779,0.814089,0.477210,0.453441
7,6,1.340560,0.812241,0.477039,0.446243
7,7,1.343868,0.802226,0.479219,0.450203
7,8,1.340978,0.793595,0.480394,0.458072
7,9,1.354824,0.768454,0.476874,0.460877
7,10,1.327723,0.774523,0.503536,0.469360
7,11,1.354531,0.774362,0.503699,0.475068
7,12,1.350687,0.768898,0.513263,0.477466
7,13,1.347500,0.781381,0.539567,0.490281
7,14,1.351597,0.730560,0.521989,0.490638
7,15,1.340938,0.694371,0.538289,0.504473
7,16,1.323461,0.704515,0.589402,0.524528
7,17,1.311002,0.759557,0.581226,0.514178
7,18,1.333174,0.794250,0.535127,0.481064
7,19,1.304570,0.802864,0.519225,0.459119
7,20,1.327654,0.831655,0.544582,0.492446
7,21,1.387463,0.940054,0.495896,0.488354
7,22,1.471785,0.859883,0.400307,0.434899
7,23,1.408996,0.868504,0.448222,0.453859
7,24,1.366351,0.929365,0.454764,0.447110
7,25,1.384832,0.886279,0.441273,0.424961
7,26,1.381791,0.816819,0.454987,0.448423
7,27,1.396184,0.784917,0.457248,0.462552
7,28,1.376830,0.772852,0.473857,0.468911
7,29,1.384225,0.773751,0.482187,0.479973
7,30,1.371422,0.788185,0.477416,0.469275
7,31,1.370907,0.793440,0.473371,0.461761
7,32,1.383926,0.788235,0.457555,0.454061
7,33,1.354878,0.794575,0.481953,0.451824
7,34,1.326314,0.802912,0.497774,0.450155
7,35,1.319296,0.825210,0.501788,0.457692
7,36,1.321582,0.828411,0.500384,0.449889
7,37,1.324289,0.836994,0.505231,0.456373
7,38,1.317261,0.863050,0.515563,0.457018
7,39,1.304624,0.889392,0.518152,0.452562
7,40,1.383175,0.871628,0.467754,0.431769
7,41,1.397735,0.821659,0.447394,0.445688
7,42,1.396821,0.828652,0.457303,0.454375
7,43,1.343049,0.829921,0.480833,0.443087
7,44,1.329747,0.820165,0.493498,0.442492
7,45,1.314789,0.803640,0.526915,0.463739
7,46,1.314926,0.751966,0.529964,0.467090
7,47,1.421480,0.736217,0.527072,0.525854
7,48,1.402518,0.754430,0.542992,0.531288
7,49,1.444032,0.805484,0.490040,0.509264
8,1,1.413189,0.839038,0.449552,0.463560
8,2,1.403604,0.807727,0.446616,0.437839
8,3,1.386981,0.789071,0.454987,0.446681
8,4,1.374277,0.777428,0.466239,0.453634
8,5,1.374355,0.769791,0.473908,0.458531
8,6,1.366599,0.773782,0.475116,0.458690
8,7,1.344636,0.765320,0.487012,0.464337
8,8,1.350483,0.755174,0.490808,0.465986
8,9,1.353574,0.784016,0.498899,0.478024
8,10,1.369776,0.777447,0.486237,0.473266
8,11,1.369969,0.757631,0.491594,0.473700
8,12,1.391488,0.754229,0.482241,0.475968
8,13,1.380409,0.714130,0.485994,0.478846
8,14,1.372633,0.711849,0.500584,0.489740
8,15,1.372850,0.731194,0.512047,0.500176
8,16,1.383056,0.726894,0.502601,0.496983
8,17,1.374950,0.738079,0.486667,0.478475
8,18,1.361762,0.727142,0.494527,0.481589
8,19,1.358827,0.721191,0.509031,0.487935
8,20,1.342102,0.747670,0.515416,0.489150
8,21,1.343830,0.758760,0.504628,0.479634
8,22,1.326656,0.775716,0.505664,0.466364
8,23,1.325315,0.819228,0.497568,0.460530
8,24,1.327054,0.827546,0.506234,0.449668
8,25,1.337731,0.877667,0.490151,0.453189
8,26,1.351119,0.928141,0.459840,0.434237
8,27,1.356804,1.012472,0.435175,0.421153
8,28,1.376497,1.013815,0.401853,0.368281
8,29,1.300966,0.941494,0.420510,0.378913
8,30,1.464057,0.815770,0.426439,0.431500
8,31,1.394078,0.759791,0.477351,0.482552
8,32,1.390628,0.786940,0.472043,0.478667
8,33,1.381729,0.777551,0.470945,0.465552
8,34,1.348738,0.756349,0.494676,0.468452
8,35,1.296954,0.748571,0.538622,0.479104
8,36,1.272948,0.747317,0.573874,0.495672
8,37,1.324130,0.704953,0.588684,0.536995
8,38,1.362518,0.753513,0.665707,0.570827
8,39,1.258432,0.828123,0.608647,0.510990
8,40,1.241915,0.928586,0.552577,0.446889
8,41,1.320584,0.911587,0.496166,0.439037
8,42,1.307280,0.807921,0.535292,0.462772
8,43,1.430686,0.820284,0.535686,0.537326
8,44,1.508394,0.894301,0.435898,0.499548
8,45,1.431171,0.897312,0.383676,0.409010
8,46,1.459625,0.884452,0.375846,0.405391
8,47,1.414669,0.858186,0.403195,0.406964
8,48,1.393045,0.840851,0.427799,0.416375
8,49,1.367111,0.836723,0.442132,0.424850
9,1,1.332311,0.850420,0.468871,0.422963
9,2,1.319715,0.874133,0.456975,0.420338
9,3,1.339797,0.860275,0.457931,0.417795
9,4,1.350962,0.802110,0.461575,0.437442
9,5,1.396240,0.789825,0.479175,0.467924
9,6,1.372863,0.762918,0.475032,0.462927
9,7,1.438585,0.761724,0.455138,0.478254
9,8,1.404457,0.726468,0.459643,0.458540
9,9,1.390396,0.726375,0.486814,0.485460
9,10,1.375172,0.751685,0.494337,0.487146
9,11,1.372479,0.807950,0.479179,0.473596
9,12,1.368884,0.808636,0.469478,0.453645
9,13,1.369764,0.813123,0.471261,0.450467
9,14,1.403740,0.762033,0.458202,0.461503
9,15,1.375274,0.762657,0.470210,0.466482
9,16,1.382125,0.766495,0.467815,0.462846
9,17,1.379924,0.787325,0.467930,0.465344
9,18,1.366184,0.791600,0.464480,0.454810
9,19,1.384250,0.782142,0.458228,0.448572
9,20,1.368090,0.780916,0.466104,0.452233
9,21,1.357067,0.782282,0.474295,0.456519
9,22,1.342239,0.792510,0.477190,0.450046
9,23,1.357786,0.781637,0.470304,0.444819
9,24,1.357994,0.756381,0.477891,0.449297
9,25,1.348328,0.731937,0.496971,0.469616
9,26,1.313992,0.780996,0.522829,0.473621
9,27,1.304869,0.835487,0.511306,0.455802
9,28,1.343778,0.826809,0.466931,0.433156
9,29,1.363204,0.760787,0.479844,0.436534
9,30,1.317637,0.758993,0.519524,0.470740
9,31,1.290251,0.781515,0.543467,0.474971
9,32,1.308198,0.863090,0.519574,0.458209
9,33,1.294943,0.818467,0.481429,0.420832
9,34,1.329435,0.782444,0.502750,0.464767
9,35,1.346080,0.850281,0.497880,0.467555
9,36,1.336368,0.891347,0.464712,0.425392
9,37,1.308031,0.882312,0.462091,0.397502
9,38,1.297269,0.741898,0.487430,0.412923
9,39,1.290898,0.913723,0.582042,0.504208
9,40,1.241407,0.925672,0.510860,0.396265
9,41,1.277653,0.866300,0.511721,0.433414
9,42,1.376686,0.903025,0.519124,0.504074
9,43,1.447648,0.821972,0.422047,0.440758
9,44,1.394147,0.827398,0.463335,0.472392
9,45,1.484416,0.869785,0.435708,0.472426
9,46,1.352764,0.879208,0.456546,0.427045
9,47,1.372982,0.967926,0.432787,0.421087
9,48,1.350418,0.996793,0.412743,0.375647
9,49,1.364270,0.939093,0.405325,0.358291
10,1,1.314160,0.871764,0.439849,0.379933
10,2,1.293310,0.898322,0.479432,0.420011
10,3,1.262518,0.885662,0.490984,0.407816
10,4,1.288100,0.868904,0.497300,0.432063
10,5,1.334529,0.810999,0.494915,0.454574
10,6,1.461070,0.819935,0.508761,0.528579
10,7,1.521371,0.748755,0.437586,0.499947
10,8,1.475428,0.796798,0.475717,0.520908
10,9,1.347203,0.916835,0.491757,0.466979
10,10,1.272963,0.940224,0.487565,0.406776
10,11,1.294017,0.929017,0.483682,0.420873
10,12,1.312969,0.839278,0.498651,0.442858
10,13,1.341907,0.865500,0.482759,0.449855
10,14,1.365895,0.873020,0.473020,0.449490
10,15,1.347991,0.834731,0.460431,0.442169
10,16,1.380167,0.739384,0.459749,0.443879
10,17,1.436367,0.819174,0.490019,0.512191
10,18,1.380993,0.944787,0.436067,0.439349
10,19,1.436417,0.856376,0.389190,0.386890
10,20,1.399078,0.824286,0.431105,0.423587
10,21,1.363713,0.808205,0.453553,0.448166
10,22,1.375036,0.763412,0.465001,0.449651
10,23,1.351642,0.773310,0.488465,0.471338
10,24,1.336416,0.775548,0.493219,0.464203
10,25,1.353547,0.787927,0.487154,0.466270
10,26,1.354135,0.820201,0.469969,0.452312
10,27,1.370725,0.822788,0.462953,0.447761
10,28,1.369972,0.783356,0.457963,0.443577
10,29,1.359504,0.769992,0.479042,0.458089
10,30,1.330430,0.788711,0.493162,0.456332
10,31,1.348895,0.803151,0.484432,0.456034
10,32,1.382240,0.762214,0.451760,0.449028
10,33,1.347343,0.760979,0.494212,0.473500
10,34,1.376845,0.811440,0.480424,0.474251
10,35,1.380804,0.829245,0.461171,0.451728
10,36,1.366428,0.817974,0.470368,0.442862
10,37,1.398910,0.756988,0.433039,0.441751
10,38,1.420515,0.746192,0.469340,0.484643
10,39,1.470200,0.699253,0.455753,0.493754
10,40,1.430240,0.705440,0.497381,0.520171
10,41,1.443725,0.723352,0.473906,0.505223
10,42,1.402389,0.747309,0.475138,0.489972
10,43,1.383277,0.760494,0.477369,0.473638
10,44,1.383198,0.758897,0.476153,0.472425
10,45,1.362029,0.757390,0.483163,0.470355
10,46,1.345128,0.762619,0.492157,0.471234
10,47,1.334687,0.762560,0.492408,0.466201
10,48,1.335289,0.772694,0.495689,0.462613
10,49,1.374313,0.768710,0.498153,0.473468
11,1,1.353396,0.756638,0.503743,0.472520
11,2,1.403313,0.778219,0.492599,0.482412
11,3,1.397507,0.787404,0.474782,0.470786
11,4,1.387089,0.789713,0.460580,0.464028
11,5,1.388860,0.800012,0.446765,0.445525
11,6,1.395932,0.776611,0.450745,0.446950
11,7,1.383318,0.762956,0.461814,0.459282
11,8,1.367916,0.776381,0.466118,0.467286
11,9,1.415590,0.749517,0.454175,0.463009
11,10,1.393268,0.731141,0.466922,0.471892
11,11,1.397286,0.723417,0.476150,0.483223
11,12,1.391371,0.721533,0.483154,0.487575
11,13,1.391717,0.714978,0.482235,0.487811
11,14,1.385776,0.706612,0.485671,0.489790
11,15,1.404306,0.712281,0.481570,0.494336
11,16,1.394754,0.701646,0.488390,0.495160
11,17,1.408698,0.701053,0.490859,0.501541
11,18,1.390372,0.703846,0.493949,0.496523
11,19,1.378707,0.715716,0.498895,0.493245
11,20,1.379930,0.715739,0.497981,0.492445
11,21,1.401035,0.713363,0.490793,0.494678
11,22,1.376533,0.726463,0.490733,0.490552
11,23,1.388341,0.726711,0.484784,0.484182
11,24,1.387372,0.732126,0.479651,0.485815
11,25,1.391481,0.723711,0.484662,0.483345
11,26,1.378247,0.725613,0.487959,0.485350
11,27,1.381168,0.730791,0.488923,0.484508
11,28,1.372065,0.736985,0.486052,0.480575
11,29,1.380382,0.735794,0.486296,0.475627
11,30,1.363789,0.738011,0.488897,0.474765
11,31,1.360139,0.743048,0.486789,0.474326
11,32,1.373764,0.745787,0.481556,0.473281
11,33,1.375462,0.730884,0.477541,0.471674
11,34,1.387552,0.714139,0.484890,0.482723
11,35,1.374372,0.707784,0.498948,0.489981
11,36,1.361313,0.697166,0.505366,0.493377
11,37,1.360886,0.690689,0.514099,0.498846
11,38,1.354932,0.685327,0.528280,0.506628
11,39,1.368117,0.690195,0.527079,0.509618
11,40,1.375919,0.703273,0.526202,0.509269
11,41,1.394647,0.718636,0.497839,0.497312
11,42,1.361198,0.710903,0.504694,0.490843
11,43,1.371049,0.721516,0.504798,0.493421
11,44,1.367208,0.737941,0.494292,0.483433
11,45,1.362537,0.759611,0.486204,0.476541
11,46,1.368215,0.766755,0.479764,0.465298
11,47,1.365354,0.773340,0.473294,0.461616
11,48,1.361650,0.776611,0.473009,0.456919
11,49,1.369011,0.769700,0.472913,0.457596
12,1,1.367129,0.749754,0.476443,0.462702
12,2,1.377288,0.742017,0.480272,0.471170
12,3,1.376410,0.742198,0.483945,0.478334
12,4,1.376170,0.751698,0.489898,0.480097
12,5,1.356672,0.764980,0.488635,0.472756
12,6,1.356983,0.776643,0.478715,0.460305
12,7,1.373568,0.773530,0.469935,0.456624
12,8,1.373889,0.742812,0.472679,0.462870
12,9,1.357572,0.721663,0.493372,0.473775
12,10,1.360512,0.750550,0.499770,0.484607
12,11,1.363712,0.759158,0.489216,0.470930
12,12,1.347118,0.767831,0.489515,0.467738
12,13,1.356971,0.752279,0.487080,0.469062
12,14,1.362406,0.742007,0.492632,0.477731
12,15,1.384765,0.745028,0.479276,0.479460
12,16,1.387117,0.702583,0.484594,0.484070
12,17,1.379802,0.701533,0.504511,0.499645
12,18,1.391967,0.729137,0.514190,0.514410
12,19,1.385881,0.754938,0.495467,0.494139
12,20,1.389349,0.759385,0.476925,0.473146
12,21,1.389114,0.795639,0.469597,0.469825
12,22,1.373094,0.831264,0.455666,0.451721
12,23,1.370832,0.844256,0.439265,0.438519
12,24,1.401869,0.804029,0.431392,0.426980
12,25,1.369023,0.777710,0.450885,0.447776
12,26,1.381976,0.754057,0.461275,0.458191
12,27,1.369869,0.740560,0.479548,0.470428
12,28,1.378526,0.741289,0.482666,0.481391
12,29,1.384029,0.733732,0.481706,0.476771
12,30,1.367688,0.741800,0.490695,0.485722
12,31,1.389728,0.742903,0.482761,0.481963
12,32,1.390522,0.751932,0.479590,0.482124
12,33,1.384673,0.752541,0.480332,0.477065
12,34,1.366452,0.776764,0.477339,0.468555
12,35,1.368876,0.790890,0.464614,0.454723
12,36,1.359400,0.799044,0.459536,0.447780
12,37,1.355539,0.791936,0.464675,0.445523
12,38,1.366871,0.765769,0.464385,0.449666
12,39,1.342863,0.751536,0.486814,0.464625
12,40,1.375046,0.724385,0.491632,0.478877
12,41,1.358262,0.704607,0.511426,0.491484
12,42,1.362027,0.717009,0.523304,0.504415
12,43,1.344485,0.729427,0.519425,0.493457
12,44,1.324394,0.741286,0.521922,0.483913
12,45,1.331253,0.734387,0.525321,0.483016
12,46,1.348987,0.773425,0.528691,0.494349
12,47,1.365847,0.822094,0.486762,0.472193
12,48,1.363967,0.831955,0.460916,0.441717
12,49,1.412547,0.763153,0.434745,0.438076
13,1,1.397004,0.729186,0.467796,0.471200
13,2,1.403885,0.692069,0.480094,0.490638
13,3,1.403611,0.699368,0.506262,0.512700
13,4,1.378109,0.702227,0.512008,0.508142
13,5,1.370851,0.712885,0.515669,0.503395
13,6,1.377200,0.713383,0.514288,0.503723
13,7,1.386108,0.698822,0.499858,0.501487
13,8,1.382596,0.710785,0.507264,0.505799
13,9,1.388169,0.765937,0.492040,0.492658
13,10,1.384386,0.784997,0.472250,0.466619
13,11,1.365360,0.790262,0.467439,0.455352
13,12,1.350230,0.784562,0.471967,0.449575
13,13,1.335858,0.789860,0.484695,0.456810
13,14,1.336931,0.764358,0.489450,0.455284
13,15,1.381945,0.716518,0.490249,0.481490
13,16,1.383890,0.727608,0.511159,0.510538
13,17,1.391573,0.743033,0.499712,0.500458
13,18,1.356860,0.767003,0.516397,0.488170
13,19,1.362445,0.764585,0.487622,0.476947
13,20,1.369478,0.741810,0.508364,0.485603
13,21,1.412922,0.720771,0.494007,0.503586
13,22,1.421267,0.750923,0.493105,0.508565
13,23,1.376141,0.782624,0.479691,0.478791
13,24,1.377505,0.792190,0.466274,0.458114
13,25,1.388479,0.786834,0.464592,0.451688
13,26,1.343962,0.802025,0.482035,0.456558
13,27,1.308514,0.835717,0.498410,0.449295
13,28,1.357787,0.810860,0.478872,0.452312
13,29,1.349116,0.825737,0.478032,0.456793
13,30,1.358429,0.823381,0.476876,0.440549
13,31,1.304422,0.862237,0.472870,0.435932
13,32,1.312889,0.861930,0.467493,0.422522
13,33,1.286038,0.809889,0.484752,0.422226
13,34,1.306339,0.825255,0.515122,0.450660
13,35,1.333407,0.850234,0.499543,0.457297
13,36,1.346005,0.854184,0.470528,0.452893
13,37,1.419294,0.767357,0.431194,0.432958
13,38,1.399195,0.741257,0.473650,0.483409
13,39,1.385069,0.736322,0.498828,0.491715
13,40,1.373420,0.740050,0.512366,0.493848
13,41,1.361110,0.756295,0.507269,0.490909
13,42,1.377091,0.752717,0.501893,0.494616
13,43,1.392934,0.742370,0.493069,0.495045
13,44,1.398160,0.731935,0.487979,0.491001
13,45,1.397692,0.731216,0.497793,0.505373
13,46,1.358159,0.797555,0.518857,0.500339
13,47,1.355997,0.867744,0.476772,0.456576
13,48,1.283256,0.901928,0.484879,0.422486
13,49,1.310312,0.827976,0.501963,0.427905
14,1,1.311352,0.783108,0.550189,0.466955
14,2,1.374603,0.785855,0.536993,0.508048
14,3,1.311161,0.868958,0.516236,0.481065
14,4,1.417293,0.867470,0.433532,0.433709
14,5,1.431329,0.821224,0.434602,0.441158
14,6,1.396466,0.806663,0.451331,0.453745
14,7,1.363930,0.816344,0.448775,0.442369
14,8,1.344260,0.839602,0.472747,0.442607
14,9,1.365562,0.840230,0.496497,0.459163
14,10,1.385894,0.855640,0.482433,0.467947
14,11,1.383227,0.874539,0.444750,0.440601
14,12,1.397867,0.864909,0.428446,0.416589
14,13,1.380000,0.855016,0.429478,0.417928
14,14,1.379145,0.840309,0.436231,0.419068
14,15,1.375339,0.830135,0.440844,0.423644
14,16,1.344359,0.825942,0.458095,0.432209
14,17,1.349677,0.832488,0.456470,0.436211
14,18,1.345041,0.832413,0.466012,0.434459
14,19,1.366434,0.807862,0.453678,0.437756
14,20,1.352045,0.784931,0.474334,0.450810
14,21,1.404514,0.743206,0.455658,0.463177
14,22,1.403030,0.715071,0.478135,0.483465
14,23,1.372868,0.724130,0.507902,0.496252
14,24,1.362474,0.719508,0.509401,0.490490
14,25,1.338173,0.709868,0.524088,0.492769
14,26,1.335220,0.734772,0.551570,0.502142
14,27,1.347324,0.737623,0.528083,0.498477
14,28,1.344072,0.780109,0.537197,0.502991
14,29,1.373618,0.783302,0.496582,0.482646
14,30,1.369913,0.798242,0.471094,0.465057
14,31,1.394455,0.881688,0.452648,0.458810
14,32,1.393132,0.864629,0.412605,0.414460
14,33,1.397536,0.844164,0.419279,0.410076
14,34,1.399706,0.778689,0.437132,0.421346
14,35,1.362340,0.731487,0.478770,0.459271
14,36,1.362819,0.756661,0.500176,0.486135
14,37,1.364330,0.787648,0.487256,0.474823
14,38,1.350500,0.784396,0.476728,0.446659
14,39,1.350088,0.778970,0.469182,0.457117
14,40,1.397390,0.753342,0.465637,0.470928
14,41,1.398008,0.722197,0.474300,0.477731
14,42,1.393554,0.700683,0.490046,0.493439
14,43,1.388880,0.704956,0.500924,0.500198
14,44,1.367304,0.724791,0.513602,0.494626
14,45,1.359284,0.748430,0.507200,0.490021
14,46,1.353371,0.755749,0.500135,0.479174
14,47,1.344904,0.761145,0.491538,0.468120
14,48,1.353542,0.750918,0.495585,0.468951
14,49,1.350187,0.750160,0.496309,0.474314
15,1,1.364944,0.763182,0.488882,0.467540
15,2,1.353673,0.831170,0.484073,0.465827
15,3,1.346632,0.846188,0.458493,0.425537
15,4,1.367280,0.827132,0.449945,0.423218
15,5,1.342625,0.806606,0.467094,0.432503
15,6,1.352305,0.786937,0.461181,0.440223
15,7,1.334343,0.758437,0.485009,0.449072
15,8,1.348133,0.717588,0.489752,0.464468
15,9,1.358556,0.727511,0.514670,0.493689
15,10,1.339617,0.822268,0.507891,0.480963
15,11,1.336183,0.799690,0.464944,0.430826
15,12,1.364058,0.771733,0.470168,0.446791
15,13,1.356425,0.728203,0.493134,0.466294
15,14,1.347573,0.778826,0.514164,0.490690
15,15,1.369660,0.747403,0.475401,0.458205
15,16,1.344832,0.742499,0.496499,0.475607
15,17,1.352333,0.793789,0.503227,0.480566
15,18,1.348740,0.842183,0.480665,0.450833
15,19,1.382752,0.786984,0.437338,0.430786
15,20,1.373613,0.702698,0.465363,0.456516
15,21,1.365134,0.714707,0.524801,0.505183
15,22,1.365649,0.753009,0.516614,0.500583
15,23,1.353433,0.790957,0.499612,0.479874
15,24,1.345972,0.820297,0.481481,0.458101
15,25,1.346462,0.796903,0.465603,0.438113
15,26,1.334879,0.762781,0.479890,0.446267
15,27,1.334235,0.784501,0.499558,0.468099
15,28,1.351575,0.725665,0.489381,0.460851
15,29,1.353843,0.762358,0.515894,0.494205
15,30,1.350849,0.732303,0.502151,0.476433
15,31,1.372601,0.709376,0.505323,0.494556
15,32,1.372117,0.733381,0.514276,0.504869
15,33,1.379621,0.793009,0.508057,0.498834
15,34,1.351115,0.895087,0.469523,0.460527
15,35,1.349741,0.899042,0.414906,0.412605
15,36,1.474907,0.778868,0.386019,0.415412
15,37,1.414238,0.746392,0.464831,0.477663
15,38,1.369163,0.736847,0.497003,0.485669
15,39,1.343420,0.762715,0.529423,0.492008
15,40,1.317549,0.783073,0.551772,0.500570
15,41,1.343668,0.773926,0.525703,0.495590
15,42,1.393848,0.780302,0.499486,0.498253
15,43,1.414599,0.841912,0.461356,0.479593
15,44,1.430769,0.817000,0.422198,0.428789
15,45,1.418250,0.793041,0.429313,0.440686
15,46,1.387069,0.785370,0.443904,0.447248
15,47,1.387223,0.772029,0.454534,0.448226
15,48,1.347330,0.766474,0.490927,0.465668
15,49,1.348886,0.768040,0.493168,0.467261
16,1,1.350279,0.809312,0.498910,0.470423
16,2,1.346297,0.816870,0.469290,0.443309
16,3,1.344239,0.793682,0.470502,0.439338
16,4,1.318506,0.829186,0.476174,0.452112
16,5,1.327330,0.835593,0.475413,0.434947
16,6,1.311719,0.832795,0.487946,0.440955
16,7,1.339184,0.825440,0.480501,0.439337
16,8,1.403000,0.763674,0.448643,0.449478
16,9,1.410820,0.750268,0.467269,0.481054
16,10,1.395140,0.798771,0.480497,0.484336
16,11,1.390946,0.821854,0.469560,0.459965
16,12,1.354722,0.827408,0.447630,0.439489
16,13,1.375419,0.790834,0.450974,0.436290
16,14,1.361543,0.780398,0.482036,0.463672
16,15,1.358405,0.768903,0.475696,0.465147
16,16,1.378453,0.748556,0.478971,0.476562
16,17,1.410472,0.732413,0.474299,0.490180
16,18,1.420218,0.752712,0.481762,0.500506
16,19,1.421250,0.783341,0.463056,0.482531
16,20,1.384357,0.811455,0.454820,0.457607
16,21,1.396436,0.829479,0.440795,0.444745
16,22,1.352413,0.837620,0.435805,0.430312
16,23,1.357960,0.834854,0.440778,0.427095
16,24,1.383320,0.803586,0.435911,0.428020
16,25,1.368084,0.788800,0.444128,0.437609
16,26,1.376634,0.764685,0.451901,0.451142
16,27,1.373827,0.716421,0.470822,0.460016
16,28,1.368739,0.759023,0.497639,0.490278
16,29,1.400213,0.758953,0.464579,0.467276
16,30,1.370657,0.746284,0.478106,0.463702
16,31,1.359072,0.762966,0.489217,0.475678
16,32,1.398322,0.747003,0.461011,0.463463
16,33,1.379592,0.727994,0.480196,0.470730
16,34,1.377365,0.765221,0.497771,0.490212
16,35,1.376397,0.791966,0.478526,0.474853
16,36,1.380565,0.779477,0.450895,0.453319
16,37,1.383106,0.767746,0.461849,0.460737
16,38,1.396899,0.743876,0.455427,0.460811
16,39,1.396206,0.718637,0.473478,0.477783
16,40,1.399498,0.707958,0.488521,0.492643
16,41,1.392858,0.735056,0.497003,0.501319
16,42,1.381335,0.765761,0.484487,0.483029
16,43,1.360724,0.780198,0.470423,0.461470
16,44,1.382262,0.770322,0.460919,0.452679
16,45,1.382491,0.758418,0.465159,0.462120
16,46,1.377971,0.764468,0.472878,0.465549
16,47,1.384375,0.764856,0.465111,0.463749
16,48,1.381444,0.772391,0.467403,0.463970
16,49,1.371296,0.777206,0.466581,0.458050
17,1,1.367481,0.781312,0.464402,0.454610
17,2,1.383080,0.766330,0.457872,0.452959
17,3,1.356043,0.767899,0.471658,0.460645
17,4,1.377846,0.761352,0.467961,0.465819
17,5,1.378914,0.759246,0.474204,0.466725
17,6,1.372719,0.752441,0.468080,0.466748
17,7,1.378489,0.762707,0.471697,0.470237
17,8,1.364648,0.794525,0.462466,0.459668
17,9,1.389484,0.791259,0.449003,0.449508
17,10,1.412619,0.778544,0.437208,0.446461
17,11,1.385094,0.762299,0.457130,0.456764
17,12,1.378099,0.749237,0.466774,0.466330
17,13,1.356939,0.753431,0.475326,0.463854
17,14,1.380340,0.740828,0.477476,0.472150
17,15,1.377395,0.735992,0.484079,0.479688
17,16,1.365909,0.722474,0.497779,0.487245
17,17,1.405840,0.731052,0.478211,0.489897
17,18,1.411021,0.730612,0.474594,0.483880
17,19,1.383307,0.738891,0.481160,0.482686
17,20,1.412328,0.748956,0.466520,0.477593
17,21,1.375670,0.760416,0.468876,0.467510
17,22,1.374748,0.760361,0.469436,0.463171
17,23,1.372946,0.754979,0.473863,0.460821
17,24,1.356915,0.761782,0.480996,0.463839
17,25,1.345335,0.762333,0.480533,0.461567
17,26,1.332308,0.771719,0.491990,0.465459
17,27,1.354788,0.752352,0.485984,0.461116
17,28,1.338936,0.732040,0.506680,0.476057
17,29,1.380632,0.738205,0.508462,0.498385
17,30,1.370256,0.726318,0.506061,0.494262
17,31,1.409464,0.717824,0.484638,0.497015
17,32,1.433378,0.717334,0.472249,0.499417
17,33,1.404315,0.718853,0.481906,0.491469
17,34,1.374238,0.735663,0.493531,0.487878
17,35,1.356835,0.744470,0.499414,0.481066
17,36,1.363106,0.765508,0.496165,0.477141
17,37,1.382491,0.782477,0.474902,0.469710
17,38,1.375828,0.787883,0.465954,0.456105
17,39,1.388606,0.800711,0.460459,0.453151
17,40,1.374036,0.821224,0.444237,0.439563
17,41,1.396675,0.803805,0.433218,0.428790
17,42,1.394104,0.785547,0.440641,0.440601
17,43,1.417170,0.758549,0.450065,0.448789
17,44,1.379434,0.742278,0.468980,0.466508
17,45,1.389276,0.737998,0.473089,0.473044
17,46,1.380296,0.741637,0.479016,0.474402
17,47,1.376464,0.729809,0.481494,0.473609
17,48,1.365222,0.726551,0.489217,0.478666
17,49,1.378119,0.707768,0.492355,0.485642
18,1,1.371882,0.695718,0.506702,0.495556
18,2,1.383492,0.716550,0.510369,0.506055
18,3,1.373792,0.744413,0.496987,0.488803
18,4,1.402036,0.746612,0.473039,0.476372
18,5,1.385170,0.749675,0.478872,0.476333
18,6,1.373979,0.760592,0.471879,0.471032
18,7,1.377458,0.768312,0.466534,0.461876
18,8,1.381321,0.769448,0.461195,0.457514
18,9,1.381018,0.771885,0.463168,0.458235
18,10,1.370462,0.764948,0.468104,0.457837
18,11,1.365285,0.764857,0.470810,0.462306
18,12,1.354299,0.764190,0.473250,0.461126
18,13,1.349963,0.773547,0.473000,0.460745
18,14,1.358708,0.771919,0.472441,0.458780
18,15,1.346877,0.763905,0.479173,0.458785
18,16,1.389133,0.739804,0.471876,0.468513
18,17,1.389048,0.710370,0.489042,0.484869
18,18,1.421818,0.694903,0.481463,0.500904
18,19,1.401374,0.682639,0.501093,0.508259
18,20,1.410390,0.688619,0.500445,0.512257
18,21,1.396394,0.698840,0.504870,0.510139
18,22,1.384032,0.713304,0.500954,0.499780
18,23,1.368165,0.725650,0.503368,0.489625
18,24,1.365595,0.744559,0.491856,0.481754
18,25,1.360808,0.748639,0.494942,0.474926
18,26,1.347497,0.753824,0.493183,0.469558
18,27,1.360536,0.746733,0.486447,0.469945
18,28,1.355754,0.738075,0.512110,0.479322
18,29,1.376863,0.720538,0.509449,0.496309
18,30,1.430984,0.709693,0.499403,0.513547
18,31,1.408657,0.745681,0.490861,0.511843
18,32,1.422332,0.775952,0.463411,0.483358
18,33,1.410775,0.795351,0.444795,0.456324
18,34,1.389670,0.801401,0.443115,0.443248
18,35,1.381805,0.798536,0.447905,0.441731
18,36,1.384702,0.795735,0.449535,0.443473
18,37,1.382260,0.788851,0.455398,0.444787
18,38,1.369924,0.791288,0.459882,0.443888
18,39,1.336965,0.799430,0.464943,0.446888
18,40,1.401886,0.791926,0.453194,0.441423
18,41,1.346644,0.798778,0.466019,0.443615
18,42,1.355750,0.794853,0.465570,0.446733
18,43,1.371307,0.785788,0.466293,0.446811
18,44,1.365219,0.778252,0.469566,0.452588
18,45,1.378304,0.773316,0.465461,0.458118
18,46,1.382196,0.752211,0.471185,0.461082
18,47,1.381581,0.739932,0.475063,0.471823
18,48,1.395810,0.723397,0.474877,0.481219
18,49,1.387745,0.715637,0.484297,0.486406
19,1,1.385373,0.713507,0.491031,0.489997
19,2,1.382779,0.714814,0.494248,0.491813
19,3,1.372426,0.712711,0.495868,0.487877
19,4,1.381584,0.710159,0.494769,0.492205
19,5,1.384234,0.704570,0.497527,0.495379
19,6,1.378473,0.712680,0.507233,0.497858
19,7,1.367944,0.721096,0.505397,0.491088
19,8,1.382762,0.719928,0.488289,0.486658
19,9,1.381186,0.723719,0.489458,0.489546
19,10,1.395732,0.722013,0.483247,0.487667
19,11,1.394627,0.716794,0.485294,0.488465
19,12,1.376186,0.723608,0.488096,0.487571
19,13,1.396684,0.726875,0.482449,0.485983
19,14,1.399549,0.728206,0.479280,0.483112
19,15,1.386271,0.729301,0.485929,0.483489
19,16,1.389580,0.728346,0.481068,0.484138
19,17,1.383494,0.737678,0.485662,0.482192
19,18,1.376181,0.751165,0.481446,0.479050
19,19,1.367419,0.759447,0.473400,0.469789
19,20,1.373847,0.766024,0.472832,0.463567
19,21,1.386338,0.760855,0.466220,0.460236
19,22,1.393220,0.752560,0.468260,0.465190
19,23,1.389650,0.740043,0.467316,0.469667
19,24,1.374186,0.736838,0.479901,0.472760
19,25,1.380000,0.735333,0.480918,0.474860
19,26,1.384529,0.737175,0.479319,0.478704
19,27,1.372948,0.737007,0.483029,0.475627
19,28,1.387153,0.733959,0.477821,0.473763
19,29,1.368860,0.737138,0.480610,0.475871
19,30,1.371636,0.744634,0.480162,0.476066
19,31,1.373989,0.751105,0.477466,0.470925
19,32,1.368446,0.751333,0.475897,0.469475
19,33,1.382189,0.746759,0.472249,0.468289
19,34,1.379332,0.735455,0.476779,0.469758
19,35,1.387465,0.724159,0.478356,0.478009
19,36,1.381188,0.714667,0.487990,0.487550
19,37,1.392412,0.717150,0.491934,0.492856
19,38,1.388281,0.728202,0.489257,0.491393
19,39,1.390736,0.740392,0.477654,0.482001
19,40,1.385057,0.745115,0.470745,0.473256
19,41,1.394966,0.743132,0.467951,0.471965
19,42,1.390728,0.743442,0.467046,0.471560
19,43,1.395711,0.731314,0.468089,0.471372
19,44,1.389809,0.730104,0.473873,0.478164
19,45,1.380449,0.730221,0.475625,0.478623
19,46,1.381795,0.732890,0.477488,0.477413
19,47,1.387562,0.731116,0.477184,0.475731
19,48,1.393623,0.728046,0.478005,0.478243
19,49,1.384362,0.724516,0.480958,0.481234
20,1,1.381688,0.727691,0.483675,0.481984
20,2,1.385866,0.726928,0.480319,0.483205
20,3,1.383380,0.723731,0.480876,0.481200
20,4,1.390104,0.724359,0.479322,0.481161
20,5,1.378799,0.726261,0.483530,0.481326
20,6,1.380334,0.721376,0.484830,0.482560
20,7,1.383674,0.717903,0.484469,0.484114
20,8,1.385321,0.716457,0.484910,0.486277
20,9,1.381131,0.713354,0.490598,0.487916
20,10,1.387552,0.711571,0.487693,0.490589
20,11,1.388505,0.715621,0.487657,0.489697
20,12,1.394757,0.724980,0.482806,0.489589
20,13,1.387026,0.732364,0.479216,0.482634
20,14,1.389587,0.733086,0.477400,0.477738
20,15,1.383666,0.735576,0.475351,0.475336
20,16,1.374090,0.739012,0.475052,0.474271
20,17,1.371729,0.737392,0.474359,0.473989
20,18,1.385608,0.738965,0.472413,0.472974
20,19,1.389733,0.739429,0.470125,0.473152
20,20,1.390176,0.732708,0.471914,0.473359
20,21,1.376179,0.731176,0.478125,0.475292
20,22,1.385217,0.722848,0.480502,0.477963
20,23,1.380132,0.718277,0.485980,0.483366
20,24,1.385334,0.717123,0.488112,0.488104
20,25,1.392051,0.721835,0.490412,0.491753
20,26,1.388851,0.731064,0.484876,0.485979
20,27,1.375823,0.742332,0.477984,0.479275
20,28,1.381037,0.748348,0.474193,0.470963
20,29,1.377954,0.752379,0.469941,0.466683
20,30,1.375883,0.755740,0.467801,0.464396
20,31,1.366676,0.759659,0.467137,0.464984
20,32,1.395992,0.757013,0.461824,0.460867
20,33,1.382472,0.751627,0.465057,0.463771
20,34,1.368692,0.755196,0.465131,0.465704
20,35,1.381130,0.752772,0.463327,0.466598
20,36,1.395060,0.745655,0.464402,0.466920
20,37,1.393908,0.737615,0.467508,0.470086
20,38,1.384741,0.731781,0.473795,0.474724
20,39,1.374702,0.728076,0.480194,0.477620
20,40,1.373076,0.726130,0.482108,0.479145
20,41,1.367117,0.719272,0.490855,0.480183
20,42,1.359279,0.703321,0.502446,0.486374
20,43,1.362476,0.682003,0.515801,0.499775
20,44,1.394891,0.672755,0.524293,0.524314
20,45,1.409600,0.680913,0.514247,0.524865
20,46,1.405411,0.702881,0.505743,0.515531
20,47,1.395811,0.721475,0.493608,0.497932
20,48,1.387099,0.740052,0.484315,0.485345
20,49,1.380855,0.755006,0.472622,0.474055
21,1,1.371998,0.768324,0.468855,0.462054
21,2,1.391509,0.771128,0.465778,0.456725
21,3,1.378810,0.765698,0.464903,0.458185
21,4,1.370943,0.767137,0.466282,0.458118
21,5,1.368115,0.767359,0.468357,0.458542
21,6,1.367419,0.770190,0.466374,0.456762
21,7,1.365401,0.768903,0.465992,0.459646
21,8,1.377796,0.767393,0.463658,0.458278
21,9,1.384388,0.757530,0.462574,0.462098
21,10,1.396219,0.747438,0.465479,0.466836
21,11,1.388265,0.736876,0.467788,0.472503
21,12,1.406721,0.730054,0.468171,0.476185
21,13,1.394692,0.726545,0.472881,0.478877
21,14,1.394822,0.721874,0.476726,0.482388
21,15,1.391979,0.718069,0.480311,0.484215
21,16,1.385807,0.715881,0.485134,0.485720
21,17,1.383687,0.712539,0.487718,0.487184
21,18,1.377737,0.712217,0.493679,0.488663
21,19,1.374557,0.711057,0.495713,0.489300
21,20,1.373690,0.710035,0.499424,0.490680
21,21,1.369942,0.708847,0.502704,0.492392
21,22,1.362888,0.708301,0.510659,0.494747
21,23,1.365582,0.713486,0.504584,0.493094
21,24,1.378742,0.721910,0.497567,0.494299
21,25,1.367432,0.723323,0.500916,0.489410
21,26,1.374423,0.722072,0.496172,0.487353
21,27,1.377562,0.716654,0.495063,0.491971
21,28,1.395027,0.720867,0.487148,0.493888
21,29,1.392939,0.736660,0.483552,0.489682
21,30,1.385149,0.749299,0.479431,0.478783
21,31,1.386892,0.752979,0.470963,0.471819
21,32,1.391960,0.756404,0.466234,0.466908
21,33,1.381143,0.754640,0.467856,0.464728
21,34,1.373945,0.762426,0.466460,0.464882
21,35,1.364791,0.768941,0.462941,0.463401
21,36,1.388289,0.768284,0.457604,0.459269
21,37,1.371731,0.772963,0.460060,0.459504
21,38,1.383830,0.774262,0.455973,0.457088
21,39,1.388046,0.769304,0.455992,0.456454
21,40,1.388518,0.764416,0.457236,0.457281
21,41,1.377957,0.762717,0.457930,0.459608
21,42,1.401382,0.754525,0.459696,0.461366
21,43,1.407923,0.743880,0.465733,0.464417
21,44,1.375661,0.739614,0.473419,0.470815
21,45,1.377254,0.736416,0.476214,0.473821
21,46,1.369734,0.735396,0.481609,0.475531
21,47,1.368741,0.731545,0.485274,0.476291
21,48,1.360872,0.725224,0.494816,0.478704
21,49,1.350842,0.716076,0.505721,0.482827
22,1,1.355155,0.698636,0.518900,0.493117
22,2,1.359271,0.693461,0.527687,0.506140
22,3,1.383719,0.703576,0.519161,0.511457
22,4,1.392382,0.715370,0.499660,0.505483
22,5,1.385009,0.722304,0.492542,0.491689
22,6,1.385660,0.728590,0.484843,0.483608
22,7,1.375132,0.735617,0.485853,0.481045
22,8,1.378727,0.744274,0.479673,0.476947
22,9,1.372051,0.754203,0.470942,0.471766
22,10,1.386224,0.760251,0.465830,0.462878
22,11,1.388541,0.761755,0.461073,0.459799
22,12,1.382634,0.762366,0.464609,0.462308
22,13,1.386420,0.761329,0.462879,0.460893
22,14,1.386981,0.759182,0.464218,0.459971
22,15,1.390151,0.750828,0.463880,0.462667
22,16,1.384239,0.745025,0.471002,0.468882
22,17,1.374126,0.741486,0.473152,0.469714
22,18,1.376631,0.742103,0.474691,0.473119
22,19,1.391071,0.741022,0.474020,0.472777
22,20,1.389316,0.743202,0.474500,0.473391
22,21,1.376815,0.741573,0.477218,0.471607
22,22,1.366792,0.746022,0.477666,0.470075
22,23,1.388258,0.748835,0.473316,0.471042
22,24,1.386860,0.744730,0.473765,0.471063
22,25,1.372988,0.748740,0.474770,0.471820
22,26,1.387699,0.750294,0.468017,0.468816
22,27,1.375914,0.760042,0.468018,0.466323
22,28,1.380038,0.762398,0.466104,0.463227
22,29,1.378735,0.764741,0.464478,0.461353
22,30,1.380023,0.768123,0.459762,0.457649
22,31,1.383935,0.770443,0.459122,0.456235
22,32,1.374254,0.765630,0.461047,0.457228
22,33,1.388188,0.764860,0.459909,0.457035
22,34,1.377965,0.761783,0.461235,0.461056
22,35,1.378246,0.760129,0.463684,0.460793
22,36,1.385219,0.756105,0.463744,0.462320
22,37,1.385901,0.750913,0.467019,0.465793
22,38,1.378316,0.745107,0.468938,0.467793
22,39,1.381729,0.744138,0.469964,0.469374
22,40,1.389247,0.738638,0.472329,0.469330
22,41,1.381639,0.728673,0.478690,0.473721
22,42,1.379487,0.714748,0.482885,0.481045
22,43,1.389621,0.705194,0.492840,0.491258
22,44,1.387982,0.700119,0.498901,0.498593
22,45,1.396097,0.709012,0.495785,0.501748
22,46,1.392283,0.721000,0.492162,0.495147
22,47,1.389138,0.742689,0.481819,0.486056
22,48,1.370709,0.755477,0.476058,0.471038
22,49,1.383243,0.759934,0.470912,0.464355
23,1,1.366306,0.764657,0.468432,0.462572
23,2,1.370503,0.767218,0.469121,0.461197
23,3,1.374375,0.765285,0.467060,0.460180
23,4,1.376636,0.767744,0.466147,0.462516
23,5,1.373404,0.761478,0.467861,0.459839
23,6,1.377590,0.756590,0.466645,0.461578
23,7,1.364978,0.758212,0.465961,0.462752
23,8,1.382524,0.757270,0.467236,0.464007
23,9,1.379014,0.752678,0.464788,0.466475
23,10,1.380584,0.752793,0.463017,0.466969
23,11,1.395794,0.741968,0.464135,0.468279
23,12,1.391880,0.737681,0.466220,0.471714
23,13,1.402642,0.726656,0.471292,0.475274
23,14,1.391088,0.721165,0.476705,0.480391
23,15,1.384397,0.719113,0.483835,0.483691
23,16,1.382361,0.713515,0.488770,0.486465
23,17,1.382343,0.710556,0.490583,0.488248
23,18,1.369830,0.704583,0.499634,0.490580
23,19,1.369113,0.698368,0.508502,0.495066
23,20,1.371996,0.685682,0.514315,0.505091
23,21,1.390462,0.688014,0.519321,0.516170
23,22,1.383580,0.690339,0.517280,0.518183
23,23,1.385971,0.707775,0.506384,0.510223
23,24,1.385558,0.724415,0.500546,0.498191
23,25,1.395951,0.743071,0.484329,0.486031
23,26,1.376111,0.752097,0.476259,0.474502
23,27,1.367734,0.769707,0.465835,0.463841
23,28,1.380229,0.773243,0.463629,0.460166
23,29,1.374252,0.774426,0.462122,0.457851
23,30,1.371940,0.775646,0.459069,0.455499
23,31,1.386755,0.772739,0.456902,0.452533
23,32,1.384261,0.768515,0.456706,0.455920
23,33,1.386632,0.764989,0.460261,0.457528
23,34,1.373342,0.764257,0.464198,0.461750
23,35,1.385939,0.757805,0.463417,0.461969
23,36,1.382780,0.756282,0.465062,0.463201
23,37,1.381411,0.755454,0.462476,0.466318
23,38,1.386011,0.749889,0.463112,0.468611
23,39,1.402146,0.742427,0.462182,0.469513
23,40,1.383378,0.740310,0.466772,0.472163
23,41,1.381417,0.739946,0.466697,0.473044
23,42,1.388965,0.740513,0.467212,0.473306
23,43,1.380494,0.744043,0.470349,0.471981
23,44,1.383716,0.747031,0.468900,0.470979
23,45,1.391501,0.746287,0.470688,0.469140
23,46,1.376810,0.747101,0.472650,0.469413
23,47,1.390210,0.742813,0.472131,0.469467
23,48,1.372672,0.741659,0.476980,0.470722
23,49,1.377660,0.740821,0.476868,0.472120
24,1,1.372844,0.740755,0.480570,0.473140
24,2,1.376703,0.733882,0.483591,0.474936
24,3,1.377348,0.726505,0.486909,0.477161
24,4,1.377197,0.715794,0.488843,0.481712
24,5,1.367828,0.702397,0.499852,0.490298
24,6,1.389076,0.699363,0.501868,0.499849
24,7,1.382649,0.701414,0.507383,0.505126
24,8,1.395077,0.702092,0.497226,0.503462
24,9,1.384133,0.718793,0.497980,0.496201
24,10,1.396069,0.730075,0.482644,0.488724
24,11,1.380221,0.740163,0.477880,0.480138
24,12,1.379163,0.743414,0.477793,0.475095
24,13,1.379450,0.749499,0.473918,0.469074
24,14,1.372967,0.749926,0.471508,0.468162
24,15,1.383269,0.753110,0.469441,0.466346
24,16,1.382949,0.751419,0.471479,0.466176
24,17,1.370006,0.751707,0.471885,0.467805
24,18,1.386469,0.751988,0.467910,0.468294
24,19,1.375709,0.750675,0.468040,0.467256
24,20,1.388543,0.750501,0.466904,0.466986
24,21,1.378221,0.748100,0.468410,0.466906
24,22,1.391278,0.746254,0.467939,0.469190
24,23,1.378149,0.744371,0.468275,0.471596
24,24,1.393557,0.744391,0.469418,0.469996
24,25,1.391937,0.739739,0.470342,0.472148
24,26,1.387696,0.739084,0.469075,0.472392
24,27,1.384125,0.739657,0.470150,0.473735
24,28,1.386494,0.736538,0.474022,0.473614
24,29,1.383215,0.736827,0.474864,0.474607
24,30,1.391780,0.732022,0.474957,0.474867
24,31,1.380209,0.731546,0.477956,0.476963
24,32,1.382189,0.730777,0.478390,0.477515
24,33,1.367866,0.733018,0.481531,0.477116
24,34,1.376551,0.732829,0.480370,0.476182
24,35,1.377967,0.732608,0.480588,0.477479
24,36,1.382385,0.732074,0.480122,0.477169
24,37,1.375393,0.732183,0.484438,0.478028
24,38,1.378412,0.732533,0.482363,0.478298
24,39,1.371296,0.730498,0.482196,0.477906
24,40,1.384717,0.728432,0.484474,0.478258
24,41,1.377607,0.724106,0.483241,0.478940
24,42,1.372723,0.724372,0.486532,0.482927
24,43,1.373903,0.725646,0.488594,0.480516
24,44,1.381435,0.729962,0.482648,0.481031
24,45,1.374938,0.735011,0.480549,0.479719
24,46,1.394679,0.733705,0.475055,0.475755
24,47,1.378323,0.739590,0.475834,0.475149
24,48,1.370812,0.748534,0.476110,0.475972
24,49,1.374799,0.754568,0.472804,0.471148
25,1,1.374401,0.760413,0.466626,0.463812
25,2,1.375309,0.766634,0.463639,0.461551
25,3,1.370175,0.767377,0.462416,0.459787
25,4,1.380409,0.771829,0.459567,0.456180
25,5,1.379835,0.773986,0.456513,0.455718
25,6,1.393412,0.767854,0.457226,0.455107
25,7,1.389419,0.760803,0.459328,0.457114
25,8,1.381334,0.758025,0.461643,0.462668
25,9,1.385386,0.750538,0.465918,0.464753
25,10,1.392076,0.741774,0.467671,0.468717
25,11,1.389695,0.737834,0.471052,0.472012
25,12,1.383320,0.733800,0.473312,0.474242
25,13,1.375295,0.733568,0.476644,0.476302
25,14,1.382996,0.736232,0.474292,0.476099
25,15,1.383314,0.736433,0.473674,0.475568
25,16,1.383633,0.739024,0.474151,0.475182
25,17,1.384680,0.738154,0.475367,0.475103
25,18,1.376508,0.736581,0.474336,0.473913
25,19,1.373701,0.738234,0.475390,0.474154
25,20,1.369192,0.739632,0.476704,0.473558
25,21,1.369010,0.740568,0.477526,0.472981
25,22,1.375678,0.739328,0.478750,0.472991
25,23,1.375332,0.729566,0.479421,0.475715
25,24,1.369506,0.720859,0.487265,0.477865
25,25,1.369897,0.703427,0.499293,0.488858
25,26,1.375365,0.698401,0.507038,0.499072
25,27,1.396168,0.713909,0.497557,0.501079
25,28,1.384021,0.733375,0.496658,0.492754
25,29,1.380979,0.741187,0.483731,0.479799
25,30,1.375413,0.756087,0.474151,0.471084
25,31,1.382349,0.758722,0.470230,0.466930
25,32,1.391481,0.757070,0.463314,0.464035
25,33,1.372739,0.754881,0.464879,0.462994
25,34,1.374096,0.760387,0.467171,0.463158
25,35,1.380734,0.755736,0.467165,0.462389
25,36,1.388712,0.755299,0.467335,0.463448
25,37,1.381235,0.751458,0.469628,0.467602
25,38,1.372316,0.752227,0.469320,0.467115
25,39,1.380338,0.751603,0.468159,0.468322
25,40,1.381081,0.749426,0.466726,0.467523
25,41,1.386741,0.749267,0.468195,0.468337
25,42,1.385204,0.747804,0.467687,0.468158
25,43,1.382958,0.744427,0.470297,0.469310
25,44,1.386041,0.740317,0.472394,0.470694
25,45,1.376668,0.741321,0.474270,0.472484
25,46,1.383106,0.738634,0.473374,0.473245
25,47,1.380204,0.735354,0.475415,0.475028
25,48,1.384719,0.731348,0.475572,0.475794
25,49,1.397739,0.729302,0.476558,0.476927
26,1,1.383272,0.725782,0.477806,0.478851
26,2,1.387748,0.722632,0.481533,0.479438
26,3,1.384840,0.719920,0.484537,0.482911
26,4,1.377381,0.716025,0.489732,0.485413
26,5,1.388093,0.713500,0.487609,0.486196
26,6,1.378585,0.706324,0.496216,0.489832
26,7,1.376118,0.699370,0.502501,0.494279
26,8,1.389010,0.697086,0.502745,0.500556
26,9,1.391204,0.702363,0.499209,0.501257
26,10,1.376767,0.706862,0.501519,0.496047
26,11,1.385159,0.708734,0.498494,0.497706
26,12,1.392168,0.716102,0.489537,0.493331
26,13,1.393452,0.724534,0.484776,0.488767
26,14,1.384382,0.734999,0.480117,0.482929
26,15,1.376865,0.741096,0.476275,0.476247
26,16,1.362705,0.749701,0.477096,0.471489
26,17,1.384426,0.753456,0.470390,0.468656
26,18,1.372982,0.754731,0.468870,0.466409
26,19,1.378756,0.756957,0.464984,0.464699
26,20,1.383140,0.758460,0.464804,0.463474
26,21,1.386507,0.755321,0.463730,0.462700
26,22,1.382840,0.759851,0.464948,0.463911
26,23,1.380403,0.754877,0.464460,0.464954
26,24,1.395096,0.749842,0.464958,0.464288
26,25,1.380393,0.749360,0.468610,0.467559
26,26,1.380838,0.749244,0.469321,0.467806
26,27,1.377278,0.751503,0.470264,0.467033
26,28,1.381240,0.751507,0.472010,0.467380
26,29,1.367884,0.751969,0.473590,0.467265
26,30,1.367178,0.752973,0.474399,0.466408
26,31,1.373273,0.751938,0.474707,0.465468
26,32,1.381518,0.747261,0.474560,0.468428
26,33,1.378781,0.737181,0.476921,0.473745
26,34,1.380144,0.722207,0.486071,0.478724
26,35,1.393826,0.721250,0.481103,0.486839
26,36,1.389242,0.727383,0.484406,0.489326
26,37,1.395595,0.734076,0.477121,0.482363
26,38,1.383902,0.744620,0.472823,0.476783
26,39,1.383617,0.751200,0.469211,0.471371
26,40,1.380785,0.754317,0.463931,0.469256
26,41,1.390338,0.755261,0.464297,0.466744
26,42,1.392312,0.750547,0.464890,0.466685
26,43,1.392655,0.748099,0.467049,0.467888
26,44,1.388004,0.746706,0.468040,0.469722
26,45,1.380626,0.745387,0.471329,0.468761
26,46,1.378015,0.743839,0.471654,0.470174
26,47,1.370767,0.744191,0.475875,0.471270
26,48,1.372426,0.743732,0.477940,0.470483
26,49,1.373627,0.742830,0.477031,0.473018
27,1,1.365448,0.730792,0.483606,0.473838
27,2,1.367119,0.719733,0.494824,0.481097
27,3,1.373805,0.710745,0.504999,0.496921
27,4,1.402802,0.709004,0.493093,0.500848
27,5,1.410004,0.718831,0.492698,0.505259
27,6,1.404109,0.749823,0.475659,0.487662
27,7,1.402249,0.755384,0.468356,0.470851
27,8,1.388478,0.758508,0.465748,0.464353
27,9,1.387429,0.759079,0.465075,0.463583
27,10,1.375502,0.761051,0.465573,0.462593
27,11,1.377414,0.757372,0.466119,0.462157
27,12,1.381944,0.758661,0.466664,0.461995
27,13,1.387427,0.754053,0.467366,0.464329
27,14,1.395389,0.748491,0.466374,0.466267
27,15,1.390518,0.743780,0.470391,0.469174
27,16,1.387845,0.737929,0.474361,0.473650
27,17,1.381114,0.736205,0.478136,0.474953
27,18,1.389867,0.732239,0.478209,0.477141
27,19,1.382493,0.730339,0.480572,0.478499
27,20,1.381482,0.728281,0.481816,0.479866
27,21,1.379423,0.729453,0.482524,0.479665
27,22,1.386865,0.723066,0.485535,0.480116
27,23,1.376316,0.722287,0.486772,0.481655
27,24,1.375616,0.717010,0.491786,0.484401
27,25,1.375050,0.714953,0.491915,0.486152
27,26,1.374863,0.712490,0.492318,0.486623
27,27,1.375940,0.713839,0.499442,0.492496
27,28,1.373671,0.712284,0.497536,0.490530
27,29,1.384675,0.713702,0.492373,0.490452
27,30,1.379926,0.728157,0.495131,0.490616
27,31,1.389390,0.733689,0.482310,0.482144
27,32,1.383105,0.741240,0.478027,0.476770
27,33,1.386628,0.745525,0.473195,0.475563
27,34,1.386717,0.750814,0.469270,0.469869
27,35,1.390343,0.750659,0.468627,0.467191
27,36,1.383677,0.752151,0.468549,0.465759
27,37,1.386397,0.748479,0.468582,0.465512
27,38,1.377946,0.748273,0.470394,0.466958
27,39,1.376611,0.748594,0.471806,0.468987
27,40,1.380785,0.747664,0.470439,0.469885
27,41,1.386058,0.744658,0.471021,0.470037
27,42,1.384677,0.739853,0.471024,0.471528
27,43,1.372726,0.745567,0.472887,0.472270
27,44,1.391276,0.744101,0.468886,0.471320
27,45,1.395999,0.742754,0.468038,0.472814
27,46,1.386066,0.738333,0.472301,0.473603
27,47,1.393223,0.736158,0.472502,0.472958
27,48,1.381577,0.736715,0.475526,0.474633
27,49,1.375459,0.737836,0.480261,0.473950
28,1,1.373411,0.738234,0.480649,0.474557
28,2,1.364964,0.740601,0.482628,0.473525
28,3,1.364743,0.738014,0.484302,0.473297
28,4,1.365545,0.736825,0.484916,0.473757
28,5,1.346994,0.729863,0.499263,0.477831
28,6,1.345329,0.715927,0.513107,0.485987
28,7,1.388727,0.708222,0.504384,0.501385
28,8,1.392324,0.714445,0.499191,0.501911
28,9,1.389787,0.705189,0.502611,0.499242
28,10,1.420485,0.721456,0.487977,0.505645
28,11,1.403456,0.735026,0.478546,0.491116
28,12,1.391844,0.756385,0.471966,0.477647
28,13,1.377107,0.768018,0.467433,0.465023
28,14,1.372663,0.775012,0.462322,0.456188
28,15,1.364928,0.786160,0.459888,0.452134
28,16,1.371471,0.790072,0.458985,0.450388
28,17,1.366135,0.785035,0.457998,0.450451
28,18,1.378921,0.782312,0.456919,0.451589
28,19,1.379648,0.772152,0.457553,0.453727
28,20,1.383472,0.769406,0.458413,0.458243
28,21,1.397268,0.756610,0.457435,0.462785
28,22,1.400218,0.747318,0.459012,0.466695
28,23,1.396705,0.742723,0.463665,0.470769
28,24,1.389221,0.739906,0.468243,0.472692
28,25,1.383887,0.741436,0.468301,0.473080
28,26,1.382308,0.744388,0.468878,0.471956
28,27,1.391630,0.745654,0.468100,0.470261
28,28,1.389937,0.744150,0.469026,0.470146
28,29,1.369658,0.749176,0.470945,0.470330
28,30,1.386894,0.746010,0.471878,0.469086
28,31,1.373777,0.745557,0.471853,0.469784
28,32,1.387022,0.742273,0.473273,0.470826
28,33,1.379759,0.740515,0.474188,0.472079
28,34,1.378079,0.737709,0.474797,0.473100
28,35,1.375198,0.735474,0.480384,0.473738
28,36,1.364067,0.735059,0.481901,0.475010
28,37,1.376403,0.734359,0.480667,0.475820
28,38,1.371855,0.724360,0.486456,0.477534
28,39,1.371615,0.718641,0.489505,0.482449
28,40,1.386706,0.714154,0.491725,0.490858
28,41,1.381099,0.723667,0.494986,0.493077
28,42,1.378038,0.726537,0.489354,0.485196
28,43,1.382668,0.731299,0.479447,0.479138
28,44,1.394471,0.741225,0.476593,0.479870
28,45,1.383678,0.747874,0.473362,0.476201
28,46,1.375127,0.754977,0.468906,0.470421
28,47,1.401952,0.755694,0.463473,0.468049
28,48,1.387148,0.752973,0.465496,0.466915
28,49,1.374277,0.752641,0.467990,0.467809
29,1,1.374852,0.753689,0.468557,0.466714
29,2,1.388535,0.751929,0.466361,0.467345
29,3,1.385342,0.752217,0.466540,0.468033
29,4,1.384742,0.750064,0.466515,0.467519
29,5,1.376316,0.750508,0.468569,0.468287
29,6,1.387497,0.748426,0.469793,0.467930
29,7,1.379398,0.747063,0.471147,0.468071
29,8,1.383509,0.743463,0.468631,0.470485
29,9,1.382563,0.740578,0.473837,0.470528
29,10,1.376266,0.739890,0.476106,0.471336
29,11,1.382815,0.740025,0.474358,0.473000
29,12,1.386362,0.733810,0.477538,0.474171
29,13,1.385282,0.732423,0.478935,0.475925
29,14,1.378394,0.727829,0.484055,0.477942
29,15,1.377217,0.722278,0.484597,0.480724
29,16,1.370848,0.722948,0.492467,0.484094
29,17,1.368529,0.720568,0.492341,0.484285
29,18,1.364511,0.716052,0.498719,0.486867
29,19,1.377084,0.708586,0.498260,0.492127
29,20,1.387132,0.711277,0.498264,0.498408
29,21,1.372408,0.710608,0.502229,0.493789
29,22,1.377740,0.725935,0.495272,0.493295
29,23,1.379570,0.732763,0.488552,0.487170
29,24,1.393291,0.733805,0.478002,0.483007
29,25,1.385924,0.738977,0.475836,0.479568
29,26,1.392666,0.748260,0.472980,0.475123
29,27,1.380431,0.760776,0.470201,0.470617
29,28,1.389585,0.761857,0.467308,0.466913
29,29,1.376820,0.763767,0.464724,0.463921
29,30,1.383414,0.764540,0.461261,0.461704
29,31,1.387934,0.762617,0.463040,0.461829
29,32,1.385673,0.757887,0.461376,0.462039
29,33,1.386467,0.756525,0.462940,0.465322
29,34,1.385117,0.753513,0.464401,0.465448
29,35,1.384789,0.750829,0.464283,0.465645
29,36,1.392569,0.747650,0.465968,0.465217
29,37,1.388848,0.748522,0.466022,0.468311
29,38,1.387058,0.747166,0.469248,0.467422
29,39,1.382582,0.747988,0.470726,0.469031
29,40,1.376481,0.747849,0.469248,0.468929
29,41,1.374907,0.751561,0.471762,0.468248
29,42,1.371652,0.753954,0.472022,0.468462
29,43,1.389916,0.752428,0.467936,0.465049
29,44,1.380631,0.751705,0.468928,0.465325
29,45,1.383898,0.748792,0.469479,0.467116
29,46,1.381958,0.744382,0.469715,0.468098
29,47,1.388820,0.743905,0.474510,0.469660
29,48,1.385530,0.740137,0.472001,0.471628
29,49,1.372871,0.741407,0.476086,0.472514
30,1,1.373486,0.747405,0.474967,0.470842
30,2,1.383848,0.744734,0.470118,0.470099
30,3,1.391210,0.742621,0.471756,0.470104
30,4,1.374330,0.737424,0.477991,0.473208
30,5,1.378196,0.729101,0.481393,0.474253
30,6,1.369669,0.727399,0.486651,0.479500
30,7,1.381588,0.723165,0.486947,0.480667
30,8,1.379251,0.722943,0.491416,0.487055
30,9,1.372845,0.729175,0.494836,0.487602
30,10,1.388891,0.733210,0.482039,0.483591
30,11,1.382466,0.738673,0.479225,0.480842
30,12,1.383572,0.744831,0.477104,0.476773
30,13,1.382886,0.749493,0.473079,0.473943
30,14,1.380697,0.753441,0.471569,0.468889
30,15,1.388022,0.750668,0.467280,0.469329
30,16,1.388043,0.748004,0.469062,0.470522
30,17,1.397237,0.741318,0.465444,0.470940
30,18,1.399002,0.732147,0.471200,0.476900
30,19,1.390918,0.727390,0.474602,0.479416
30,20,1.392619,0.725926,0.477232,0.480343
30,21,1.388709,0.722988,0.477881,0.482612
30,22,1.391250,0.722779,0.480002,0.482553
30,23,1.385425,0.721164,0.481723,0.482865
30,24,1.385377,0.722292,0.482535,0.482608
30,25,1.385054,0.722307,0.482619,0.482505
30,26,1.384337,0.720269,0.485502,0.483513
30,27,1.388820,0.719209,0.484270,0.484743
30,28,1.387112,0.718898,0.483481,0.485257
30,29,1.379423,0.718731,0.487256,0.484938
30,30,1.389470,0.719932,0.483669,0.484913
30,31,1.382235,0.719221,0.488236,0.486047
30,32,1.370607,0.721643,0.487678,0.485485
30,33,1.382114,0.722497,0.485453,0.484628
30,34,1.381586,0.724889,0.485095,0.483234
30,35,1.387571,0.721808,0.482664,0.483017
30,36,1.389909,0.723006,0.484780,0.482547
30,37,1.383149,0.723527,0.483500,0.482421
30,38,1.385807,0.723145,0.483451,0.482575
30,39,1.381915,0.726532,0.484063,0.482267
30,40,1.379901,0.724626,0.484385,0.481382
30,41,1.385009,0.726871,0.481230,0.482184
30,42,1.385856,0.726820,0.482743,0.479745
30,43,1.381126,0.727041,0.483366,0.480869
30,44,1.375377,0.728006,0.482985,0.480395
30,45,1.381516,0.730610,0.482501,0.479847
30,46,1.379779,0.734435,0.481587,0.479438
30,47,1.392945,0.728089,0.482690,0.478090
30,48,1.383386,0.732796,0.479824,0.479364
30,49,1.385701,0.729081,0.481034,0.479632
31,1,1.395537,0.730161,0.481225,0.481328
31,2,1.386705,0.733636,0.479382,0.479488
31,3,1.403704,0.735350,0.474956,0.477797
31,4,1.380971,0.738756,0.475871,0.477051
31,5,1.387117,0.737707,0.477379,0.475736
31,6,1.383238,0.736556,0.476375,0.474452
31,7,1.375424,0.739951,0.477286,0.473724
31,8,1.376908,0.739613,0.476709,0.473930
31,9,1.374873,0.741310,0.475434,0.473862
31,10,1.375955,0.742967,0.473299,0.472285
31,11,1.375138,0.746486,0.472174,0.470671
31,12,1.388961,0.747015,0.468151,0.469897
31,13,1.381884,0.746029,0.468185,0.469493
31,14,1.378210,0.748818,0.467650,0.469720
31,15,1.387433,0.744348,0.466356,0.468549
31,16,1.391188,0.741503,0.469782,0.470834
31,17,1.385103,0.739737,0.469534,0.472140
31,18,1.389758,0.734713,0.471502,0.473627
31,19,1.390336,0.734980,0.471848,0.475403
31,20,1.388738,0.731856,0.475446,0.476104
31,21,1.386625,0.732514,0.476619,0.476625
31,22,1.382255,0.733855,0.476260,0.476587
31,23,1.388634,0.732548,0.476719,0.477583
31,24,1.380056,0.730448,0.479478,0.477939
31,25,1.378089,0.732130,0.479068,0.477592
31,26,1.370868,0.734045,0.481686,0.476548
31,27,1.369805,0.737466,0.481340,0.475667
31,28,1.372174,0.736864,0.483645,0.474684
31,29,1.362305,0.736088,0.485574,0.474957
31,30,1.367978,0.728136,0.488316,0.477459
31,31,1.365638,0.716265,0.497939,0.486547
31,32,1.383619,0.708902,0.498038,0.496135
31,33,1.394278,0.738416,0.491091,0.498285
31,34,1.369200,0.760795,0.481891,0.478052
31,35,1.363084,0.771459,0.470583,0.463615
31,36,1.365747,0.779076,0.463656,0.459549
31,37,1.385200,0.782204,0.455011,0.455908
31,38,1.392874,0.772658,0.454703,0.454473
31,39,1.398512,0.762424,0.452973,0.458377
31,40,1.390709,0.757555,0.460197,0.462700
31,41,1.376980,0.758115,0.461719,0.463353
31,42,1.388461,0.755512,0.461103,0.464909
31,43,1.380438,0.754818,0.462650,0.465840
31,44,1.389725,0.749022,0.465680,0.466919
31,45,1.388362,0.745037,0.469980,0.468610
31,46,1.380725,0.742877,0.470725,0.470615
31,47,1.387197,0.738117,0.473121,0.473232
31,48,1.374089,0.733802,0.477467,0.474768
31,49,1.376230,0.728301,0.483028,0.477946
32,1,1.369933,0.713435,0.492152,0.482754
32,2,1.390439,0.705606,0.497191,0.496539
32,3,1.399381,0.685618,0.495734,0.505072
32,4,1.417150,0.695395,0.501225,0.518919
32,5,1.409900,0.716301,0.490519,0.505034
32,6,1.393689,0.736795,0.480850,0.487230
32,7,1.387089,0.743568,0.472293,0.475418
32,8,1.388536,0.752667,0.469301,0.470778
32,9,1.377646,0.758654,0.467735,0.466057
32,10,1.379993,0.761051,0.464541,0.461828
32,11,1.371751,0.762992,0.463650,0.459375
32,12,1.376215,0.769301,0.463599,0.458847
32,13,1.370721,0.771616,0.462891,0.458537
32,14,1.369140,0.774697,0.462934,0.457160
32,15,1.378892,0.770821,0.459646,0.455529
32,16,1.387056,0.769781,0.459094,0.454614
32,17,1.382132,0.767729,0.461320,0.458131
32,18,1.381914,0.762266,0.464856,0.460558
32,19,1.388392,0.755503,0.464880,0.463194
32,20,1.378723,0.751145,0.467001,0.466511
32,21,1.377810,0.748278,0.468150,0.468960
32,22,1.402156,0.741811,0.466239,0.471049
32,23,1.382908,0.737522,0.469918,0.474278
32,24,1.383700,0.736935,0.469896,0.475693
32,25,1.384433,0.737406,0.469204,0.475593
32,26,1.397858,0.735145,0.470528,0.475098
32,27,1.391916,0.734436,0.470225,0.475327
32,28,1.394780,0.733688,0.472587,0.476190
32,29,1.386010,0.732469,0.472996,0.476383
32,30,1.377622,0.732805,0.475903,0.476501
32,31,1.376671,0.735991,0.476396,0.476092
32,32,1.379197,0.736367,0.476518,0.474374
32,33,1.384118,0.739239,0.475473,0.473960
32,34,1.381248,0.737750,0.476953,0.473827
32,35,1.374317,0.738436,0.479687,0.474172
32,36,1.386899,0.735242,0.477579,0.474607
32,37,1.377735,0.733588,0.478779,0.475401
32,38,1.374725,0.732453,0.479034,0.477019
32,39,1.383576,0.728075,0.479472,0.478779
32,40,1.381119,0.723944,0.483144,0.480381
32,41,1.380727,0.721317,0.484795,0.482302
32,42,1.380878,0.717400,0.486314,0.484742
32,43,1.382172,0.714215,0.486759,0.485983
32,44,1.388280,0.708382,0.488016,0.489084
32,45,1.387944,0.709939,0.489769,0.491917
32,46,1.389472,0.707511,0.491317,0.493301
32,47,1.384789,0.712347,0.490862,0.492322
32,48,1.386050,0.713826,0.488851,0.489558
32,49,1.390798,0.717473,0.486138,0.487876
33,1,1.382120,0.717297,0.488814,0.486614
33,2,1.388517,0.717699,0.486811,0.486709
33,3,1.385786,0.718038,0.486687,0.487055
33,4,1.378982,0.720925,0.485896,0.485802
33,5,1.383664,0.725030,0.484830,0.483496
33,6,1.381555,0.725716,0.485088,0.481901
33,7,1.375502,0.729557,0.484752,0.481867
33,8,1.374994,0.732057,0.483881,0.478600
33,9,1.381538,0.730639,0.481766,0.479866
33,10,1.379904,0.732417,0.480837,0.479570
33,11,1.385202,0.731756,0.478628,0.478176
33,12,1.386557,0.729845,0.480007,0.478841
33,13,1.381606,0.731372,0.478539,0.477963
33,14,1.381002,0.730833,0.479136,0.477666
33,15,1.385159,0.731768,0.478875,0.477817
33,16,1.390615,0.730635,0.479712,0.478795
33,17,1.380607,0.726174,0.480854,0.479711
33,18,1.386519,0.725696,0.481813,0.480642
33,19,1.385641,0.725792,0.481721,0.481276
33,20,1.386201,0.724383,0.481111,0.480780
33,21,1.378316,0.727146,0.482423,0.482110
33,22,1.378641,0.730287,0.480778,0.480297
33,23,1.386976,0.731834,0.480272,0.478645
33,24,1.381295,0.732146,0.480127,0.478383
33,25,1.383949,0.731082,0.480342,0.477749
33,26,1.379787,0.734782,0.478386,0.477376
33,27,1.390600,0.733031,0.476597,0.476801
33,28,1.377649,0.733845,0.479558,0.477129
33,29,1.380577,0.735761,0.478578,0.476038
33,30,1.376806,0.734341,0.480370,0.475983
33,31,1.375125,0.732777,0.483587,0.477166
33,32,1.374835,0.736213,0.481428,0.476291
33,33,1.374181,0.733282,0.481865,0.477101
33,34,1.377099,0.731264,0.482274,0.477616
33,35,1.372419,0.734975,0.479317,0.478549
33,36,1.379393,0.736022,0.480937,0.477798
33,37,1.373476,0.736235,0.479632,0.476248
33,38,1.377813,0.742256,0.478749,0.475281
33,39,1.378936,0.738947,0.476689,0.474307
33,40,1.386240,0.738040,0.476554,0.474959
33,41,1.373781,0.737094,0.477896,0.475440
33,42,1.372211,0.743336,0.479155,0.473239
33,43,1.371234,0.749793,0.475241,0.472674
33,44,1.371825,0.758317,0.471425,0.468744
33,45,1.373733,0.758935,0.469173,0.465922
33,46,1.372868,0.762615,0.467656,0.461334
33,47,1.395424,0.763042,0.463076,0.459965
33,48,1.384341,0.758339,0.465504,0.462758
33,49,1.378142,0.760491,0.464882,0.465929
34,1,1.377515,0.762253,0.467094,0.464436
34,2,1.378742,0.760101,0.467278,0.463065
34,3,1.386887,0.756187,0.468478,0.463269
34,4,1.375122,0.752933,0.472678,0.465320
34,5,1.367477,0.748673,0.473878,0.468217
34,6,1.367003,0.741634,0.481435,0.470641
34,7,1.373041,0.731099,0.480204,0.474873
34,8,1.365922,0.711817,0.496922,0.484699
34,9,1.385850,0.696340,0.501751,0.501079
34,10,1.402679,0.700527,0.502814,0.510370
34,11,1.400810,0.724701,0.501696,0.510705
34,12,1.388485,0.737492,0.492151,0.489495
34,13,1.380403,0.754765,0.476772,0.475044
34,14,1.385650,0.764338,0.468196,0.465304
34,15,1.373092,0.770108,0.468003,0.462409
34,16,1.369090,0.772198,0.466799,0.459018
34,17,1.392440,0.770697,0.460040,0.457032
34,18,1.375925,0.766841,0.461852,0.456675
34,19,1.382986,0.767862,0.464131,0.457241
34,20,1.359743,0.769011,0.466745,0.459690
34,21,1.382611,0.768546,0.466007,0.460032
34,22,1.384981,0.761628,0.464699,0.457490
34,23,1.369475,0.759410,0.469483,0.462834
34,24,1.374941,0.758124,0.467209,0.465744
34,25,1.386719,0.746666,0.468701,0.468451
34,26,1.388380,0.747821,0.471234,0.475302
34,27,1.394817,0.753378,0.469692,0.474645
34,28,1.378348,0.765553,0.466975,0.469635
34,29,1.381156,0.765507,0.468424,0.464221
34,30,1.385965,0.754344,0.466849,0.465468
34,31,1.384802,0.750204,0.468063,0.470473
34,32,1.378551,0.750128,0.468579,0.471830
34,33,1.394489,0.751491,0.465738,0.472529
34,34,1.398235,0.750498,0.467290,0.470416
34,35,1.376565,0.753109,0.472559,0.470194
34,36,1.360130,0.749202,0.483188,0.467925
34,37,1.346875,0.731571,0.500155,0.474047
34,38,1.364948,0.719669,0.513700,0.498588
34,39,1.392965,0.729270,0.506010,0.509817
34,40,1.388620,0.780581,0.496482,0.500206
34,41,1.390360,0.786514,0.457187,0.460599
34,42,1.400536,0.770658,0.459522,0.455249
34,43,1.370829,0.774095,0.470567,0.457040
34,44,1.392921,0.768233,0.463559,0.457894
34,45,1.375377,0.767499,0.462503,0.458645
34,46,1.351142,0.770817,0.470786,0.456815
34,47,1.373521,0.772829,0.467155,0.457646
34,48,1.361007,0.774720,0.475612,0.459361
34,49,1.364665,0.770455,0.474221,0.461467
35,1,1.364827,0.757240,0.479774,0.466851
35,2,1.377552,0.737522,0.488204,0.483176
35,3,1.395377,0.734330,0.479040,0.487696
35,4,1.408374,0.738307,0.475145,0.490430
35,5,1.407637,0.757906,0.469369,0.484416
35,6,1.380158,0.786987,0.460791,0.466887
35,7,1.381854,0.794285,0.457157,0.450320
35,8,1.351516,0.804778,0.454108,0.442393
35,9,1.366874,0.809775,0.451560,0.438696
35,10,1.361638,0.818290,0.450565,0.437761
35,11,1.374853,0.803600,0.453510,0.435224
35,12,1.365274,0.795386,0.447583,0.442509
35,13,1.389474,0.783306,0.448694,0.443889
35,14,1.381257,0.772382,0.456366,0.451380
35,15,1.395496,0.759914,0.457514,0.458826
35,16,1.396876,0.751395,0.458378,0.464173
35,17,1.400496,0.746830,0.463067,0.468177
35,18,1.383386,0.743363,0.469127,0.472714
35,19,1.391697,0.740057,0.468750,0.472960
35,20,1.387432,0.742195,0.469096,0.473558
35,21,1.387750,0.746674,0.471991,0.472721
35,22,1.385418,0.745941,0.472669,0.471925
35,23,1.375240,0.749696,0.474580,0.470101
35,24,1.367744,0.752132,0.479964,0.468491
35,25,1.371062,0.749693,0.478634,0.468202
35,26,1.369168,0.745598,0.483810,0.470593
35,27,1.368669,0.734338,0.488537,0.471937
35,28,1.368508,0.718973,0.493049,0.482641
35,29,1.365837,0.701405,0.512049,0.496428
35,30,1.412537,0.687968,0.508635,0.515206
35,31,1.417823,0.692446,0.506211,0.526865
35,32,1.412592,0.706481,0.503353,0.515400
35,33,1.409007,0.722387,0.487848,0.499686
35,34,1.376256,0.731074,0.486296,0.484756
35,35,1.389690,0.734811,0.479771,0.479469
35,36,1.377510,0.737399,0.479010,0.477223
35,37,1.383802,0.735709,0.478365,0.476641
35,38,1.386101,0.736275,0.477104,0.476021
35,39,1.389512,0.735037,0.478453,0.474952
35,40,1.377485,0.738795,0.474997,0.476295
35,41,1.378283,0.736586,0.477246,0.475889
35,42,1.389425,0.736804,0.477273,0.476701
35,43,1.381681,0.734050,0.479458,0.476933
35,44,1.375933,0.730848,0.482344,0.477836
35,45,1.385744,0.730621,0.478944,0.478994
35,46,1.386240,0.726905,0.480803,0.480229
35,47,1.387034,0.726503,0.482467,0.482329
35,48,1.380248,0.726415,0.489424,0.483257
35,49,1.372006,0.728721,0.492513,0.487594
36,1,1.374478,0.727715,0.490269,0.484213
36,2,1.386373,0.732563,0.484793,0.488123
36,3,1.383649,0.735844,0.483192,0.485218
36,4,1.392186,0.739021,0.474955,0.479695
36,5,1.382823,0.743410,0.476615,0.475973
36,6,1.382190,0.747639,0.473443,0.472635
36,7,1.374090,0.747304,0.474469,0.470181
36,8,1.379763,0.746932,0.471608,0.468574
36,9,1.380763,0.750932,0.470804,0.468798
36,10,1.383444,0.749546,0.471190,0.468506
36,11,1.365608,0.750847,0.472039,0.468474
36,12,1.372442,0.748783,0.471007,0.467452
36,13,1.385602,0.752099,0.469498,0.467674
36,14,1.389491,0.745299,0.470120,0.468490
36,15,1.378923,0.749896,0.470813,0.470302
36,16,1.383911,0.750853,0.470009,0.468497
36,17,1.381644,0.750907,0.469404,0.467223
36,18,1.382208,0.750822,0.470560,0.467441
36,19,1.370611,0.751115,0.472338,0.466660
36,20,1.376384,0.752545,0.472720,0.468517
36,21,1.377464,0.752208,0.471704,0.467010
36,22,1.375854,0.747941,0.473993,0.467290
36,23,1.365676,0.747140,0.474456,0.468267
36,24,1.370990,0.745415,0.473378,0.468656
36,25,1.377538,0.746937,0.472623,0.470695
36,26,1.380443,0.743086,0.474577,0.470403
36,27,1.382568,0.741205,0.475179,0.471102
36,28,1.378499,0.737236,0.474834,0.474234
36,29,1.384744,0.743662,0.474468,0.475800
36,30,1.388186,0.742692,0.470660,0.474471
36,31,1.371083,0.750172,0.470259,0.472357
36,32,1.386776,0.750573,0.467374,0.468546
36,33,1.388356,0.748134,0.463929,0.468156
36,34,1.386620,0.747217,0.466392,0.468302
36,35,1.400957,0.742473,0.466887,0.469558
36,36,1.373670,0.744543,0.470602,0.471575
36,37,1.389223,0.741416,0.470337,0.471918
36,38,1.383716,0.740917,0.471164,0.471832
36,39,1.378692,0.740687,0.472693,0.473470
36,40,1.372206,0.741029,0.474503,0.473877
36,41,1.387130,0.741208,0.472483,0.472731
36,42,1.387792,0.739573,0.471555,0.471749
36,43,1.377571,0.733652,0.478355,0.475772
36,44,1.374816,0.735303,0.480705,0.476365
36,45,1.367427,0.725000,0.486542,0.476157
36,46,1.370419,0.716989,0.491512,0.480234
36,47,1.370095,0.707876,0.500073,0.491226
36,48,1.384561,0.694869,0.503773,0.502830
36,49,1.389239,0.710959,0.519839,0.507547
37,1,1.385972,0.722232,0.494830,0.494407
37,2,1.381830,0.740093,0.485309,0.483802
37,3,1.374025,0.754357,0.478192,0.472804
37,4,1.389652,0.756586,0.471305,0.468613
37,5,1.367066,0.765211,0.471903,0.463685
37,6,1.385148,0.762746,0.469603,0.460703
37,7,1.359391,0.767629,0.467743,0.460320
37,8,1.380961,0.765018,0.465207,0.460979
37,9,1.384573,0.756884,0.466068,0.463868
37,10,1.400092,0.750891,0.466873,0.467164
37,11,1.389047,0.742979,0.466356,0.469451
37,12,1.391716,0.738582,0.469911,0.475071
37,13,1.384573,0.734353,0.472190,0.476790
37,14,1.385044,0.737824,0.473530,0.474940
37,15,1.387126,0.740773,0.471760,0.474653
37,16,1.386805,0.740971,0.472863,0.474287
37,17,1.380248,0.743146,0.474223,0.473554
37,18,1.375412,0.744246,0.475263,0.471715
37,19,1.380319,0.745638,0.475082,0.471806
37,20,1.374432,0.747545,0.478544,0.471114
37,21,1.360733,0.745443,0.481232,0.470210
37,22,1.358313,0.743157,0.487379,0.470338
37,23,1.345394,0.743262,0.499425,0.476542
37,24,1.343649,0.733900,0.512628,0.480205
37,25,1.352427,0.736460,0.510355,0.485659
37,26,1.365272,0.703058,0.518449,0.499273
37,27,1.416385,0.699622,0.511847,0.525605
37,28,1.437008,0.717821,0.500477,0.514976
37,29,1.434580,0.751546,0.470976,0.493952
37,30,1.388653,0.767928,0.467073,0.466417
37,31,1.398098,0.768628,0.455875,0.459104
37,32,1.361313,0.775340,0.460008,0.455015
37,33,1.403269,0.768962,0.460560,0.454381
37,34,1.361647,0.769037,0.467322,0.457179
37,35,1.371734,0.777056,0.464348,0.455516
37,36,1.360683,0.780663,0.466949,0.455667
37,37,1.362408,0.786833,0.465260,0.451464
37,38,1.351005,0.792908,0.466939,0.449560
37,39,1.377321,0.791546,0.462556,0.451026
37,40,1.377875,0.782933,0.466188,0.451369
37,41,1.352401,0.765993,0.469561,0.457800
37,42,1.380980,0.764562,0.464058,0.463165
37,43,1.395912,0.754398,0.461182,0.468362
37,44,1.390705,0.748345,0.468129,0.470194
37,45,1.391814,0.742256,0.467121,0.469722
37,46,1.384725,0.743735,0.471460,0.473892
37,47,1.386983,0.740750,0.476626,0.473487
37,48,1.379544,0.735956,0.483928,0.477475
37,49,1.358082,0.736130,0.490273,0.479715
38,1,1.376979,0.745423,0.487819,0.481714
38,2,1.382670,0.756401,0.481385,0.475979
38,3,1.362107,0.775412,0.476502,0.470792
38,4,1.380548,0.782186,0.464706,0.461326
38,5,1.387745,0.781271,0.461337,0.455295
38,6,1.397461,0.770144,0.452399,0.456071
38,7,1.384605,0.768080,0.456400,0.460344
38,8,1.393134,0.767280,0.458868,0.461541
38,9,1.389009,0.765687,0.464428,0.462902
38,10,1.375613,0.764004,0.466592,0.460273
38,11,1.382810,0.760892,0.466202,0.462417
38,12,1.376487,0.759618,0.468449,0.462475
38,13,1.369188,0.760801,0.467735,0.462458
38,14,1.379796,0.756671,0.472923,0.466378
38,15,1.376468,0.754239,0.470357,0.465455
38,16,1.372723,0.757006,0.470332,0.465831
38,17,1.359789,0.760010,0.473777,0.462420
38,18,1.360677,0.767244,0.469551,0.460259
38,19,1.364707,0.771487,0.470757,0.459726
38,20,1.358677,0.772787,0.469802,0.459534
38,21,1.368736,0.770146,0.465073,0.456341
38,22,1.376155,0.765147,0.465524,0.460572
38,23,1.377854,0.758335,0.467783,0.465422
38,24,1.387092,0.740613,0.469235,0.470925
38,25,1.380689,0.729544,0.477716,0.475459
38,26,1.376183,0.725245,0.482041,0.480097
38,27,1.368448,0.730612,0.497226,0.485532
38,28,1.380814,0.728729,0.482949,0.482509
38,29,1.387902,0.716450,0.494674,0.487419
38,30,1.376087,0.710016,0.502668,0.498338
38,31,1.383623,0.702602,0.503944,0.500944
38,32,1.419373,0.719314,0.489941,0.509170
38,33,1.406633,0.744602,0.483074,0.497329
38,34,1.379565,0.763781,0.485691,0.482786
38,35,1.372599,0.791398,0.478141,0.472718
38,36,1.368797,0.802232,0.469052,0.458127
38,37,1.375035,0.797326,0.459658,0.455184
38,38,1.367226,0.800599,0.454727,0.446788
38,39,1.380192,0.794255,0.456428,0.446400
38,40,1.392942,0.784860,0.446399,0.449197
38,41,1.366014,0.784981,0.460358,0.452454
38,42,1.386339,0.778638,0.453134,0.452336
38,43,1.398470,0.779591,0.451793,0.453581
38,44,1.383711,0.779269,0.452179,0.454834
38,45,1.382298,0.775770,0.452895,0.455919
38,46,1.401941,0.764123,0.453030,0.455963
38,47,1.396405,0.755562,0.457358,0.464095
38,48,1.398852,0.745383,0.457894,0.468493
38,49,1.397965,0.736369,0.465578,0.473346
39,1,1.395161,0.728013,0.470146,0.478640
39,2,1.395289,0.724295,0.474013,0.480926
39,3,1.385933,0.723074,0.479610,0.482563
39,4,1.384598,0.724867,0.479733,0.483195
39,5,1.384072,0.724792,0.483174,0.482065
39,6,1.378664,0.726763,0.484107,0.481593
39,7,1.375486,0.729448,0.484733,0.480273
39,8,1.376716,0.733124,0.483628,0.477922
39,9,1.363845,0.737939,0.486782,0.476669
39,10,1.367852,0.739965,0.485440,0.476012
39,11,1.365556,0.744240,0.484689,0.473669
39,12,1.379584,0.740320,0.481013,0.472786
39,13,1.365473,0.735274,0.489458,0.475874
39,14,1.370726,0.728746,0.489031,0.479293
39,15,1.371020,0.724612,0.491601,0.483315
39,16,1.376633,0.720688,0.489818,0.486707
39,17,1.381027,0.729456,0.485158,0.485750
39,18,1.386939,0.733008,0.481028,0.481596
39,19,1.373581,0.735291,0.485917,0.478665
39,20,1.395229,0.738471,0.473608,0.478181
39,21,1.377970,0.745795,0.477106,0.476714
39,22,1.382700,0.748693,0.471045,0.474001
39,23,1.385710,0.752042,0.470323,0.468584
39,24,1.385085,0.755864,0.469090,0.467904
39,25,1.388210,0.747907,0.468050,0.466795
39,26,1.385254,0.744902,0.465477,0.469760
39,27,1.388968,0.742145,0.466170,0.471610
39,28,1.387613,0.741980,0.465828,0.470181
39,29,1.382592,0.742915,0.472259,0.473518
39,30,1.383459,0.743124,0.472178,0.471211
39,31,1.383479,0.743221,0.474724,0.471033
39,32,1.380619,0.743137,0.475161,0.471540
39,33,1.367791,0.747484,0.476432,0.472972
39,34,1.385920,0.746007,0.473583,0.470369
39,35,1.374168,0.742734,0.475616,0.471564
39,36,1.385091,0.740209,0.472315,0.471538
39,37,1.377378,0.742105,0.474117,0.472097
39,38,1.380359,0.742803,0.472064,0.473193
39,39,1.383135,0.743002,0.472245,0.473623
39,40,1.385865,0.738963,0.472825,0.472705
39,41,1.380401,0.739363,0.475649,0.474349
39,42,1.381098,0.735884,0.476411,0.474418
39,43,1.373841,0.737239,0.478804,0.475214
39,44,1.394443,0.730854,0.477456,0.475966
39,45,1.379644,0.731945,0.479310,0.477545
39,46,1.381859,0.730256,0.480937,0.478043
39,47,1.369597,0.729753,0.485848,0.478686
39,48,1.367178,0.726510,0.491711,0.482225
39,49,1.377375,0.723783,0.490593,0.483290
40,1,1.376735,0.717026,0.496949,0.487448
40,2,1.376591,0.715185,0.493335,0.490687
40,3,1.381230,0.721937,0.490191,0.489272
40,4,1.385526,0.736823,0.484187,0.488666
40,5,1.388613,0.748519,0.475730,0.479435
40,6,1.389560,0.754636,0.469928,0.472513
40,7,1.390416,0.752666,0.468486,0.467731
40,8,1.395466,0.747225,0.463585,0.469924
40,9,1.382062,0.744096,0.472231,0.471449
40,10,1.381353,0.749025,0.471977,0.472927
40,11,1.369228,0.752988,0.475066,0.470074
40,12,1.376786,0.756966,0.473288,0.468270
40,13,1.369353,0.760100,0.475643,0.468059
40,14,1.371978,0.752636,0.473635,0.468454
40,15,1.374124,0.745165,0.476158,0.472859
40,16,1.360097,0.757280,0.477970,0.471971
40,17,1.379936,0.750106,0.473050,0.469590
40,18,1.404034,0.757656,0.460605,0.472211
40,19,1.403634,0.760748,0.458547,0.467205
40,20,1.383901,0.768447,0.458272,0.462414
40,21,1.412645,0.765813,0.458281,0.458512
40,22,1.387677,0.763105,0.458000,0.459914
40,23,1.402181,0.763062,0.459148,0.459252
40,24,1.374346,0.760518,0.464998,0.460593
40,25,1.368408,0.766256,0.467223,0.459769
40,26,1.369319,0.770989,0.465291,0.456593
40,27,1.381324,0.773072,0.464803,0.454347
40,28,1.385028,0.768092,0.466582,0.456419
40,29,1.368996,0.763013,0.467930,0.459161
40,30,1.383213,0.755801,0.472377,0.460936
40,31,1.375903,0.745259,0.476327,0.468808
40,32,1.368054,0.738591,0.479574,0.473962
40,33,1.388527,0.728230,0.476450,0.480452
40,34,1.391278,0.724459,0.483048,0.483536
40,35,1.399509,0.728757,0.473308,0.485701
40,36,1.386935,0.732631,0.478661,0.482661
40,37,1.383077,0.737340,0.479020,0.477563
40,38,1.380933,0.738284,0.477794,0.476140
40,39,1.387777,0.733725,0.475825,0.475008
40,40,1.381230,0.740078,0.479163,0.477213
40,41,1.385810,0.740458,0.478450,0.474449
40,42,1.385213,0.737448,0.480030,0.474420
40,43,1.377126,0.732624,0.481529,0.477046
40,44,1.369755,0.741118,0.484611,0.476051
40,45,1.379802,0.738421,0.480238,0.477878
40,46,1.374791,0.739691,0.480465,0.474728
40,47,1.371870,0.750217,0.477761,0.475124
40,48,1.377804,0.752330,0.471985,0.470036
40,49,1.371745,0.760483,0.470918,0.467771
41,1,1.392908,0.755156,0.465411,0.464864
41,2,1.382739,0.751419,0.466344,0.465616
41,3,1.395396,0.744915,0.467418,0.466950
41,4,1.384248,0.735971,0.470030,0.470996
41,5,1.377439,0.742561,0.476488,0.473330
41,6,1.381190,0.748317,0.473051,0.472330
41,7,1.380129,0.750594,0.471826,0.472658
41,8,1.379009,0.757030,0.472386,0.471959
41,9,1.384912,0.753542,0.465374,0.467785
41,10,1.395716,0.750334,0.464169,0.466773
41,11,1.387843,0.743477,0.466713,0.470079
41,12,1.389929,0.739072,0.469186,0.472793
41,13,1.375848,0.741627,0.476183,0.475334
41,14,1.383787,0.736648,0.479340,0.475395
41,15,1.372927,0.739097,0.481887,0.475099
41,16,1.372221,0.729021,0.491472,0.478630
41,17,1.358570,0.731129,0.497678,0.481842
41,18,1.370449,0.726637,0.493692,0.486847
41,19,1.371665,0.722523,0.491879,0.483849
41,20,1.374652,0.726514,0.494624,0.490644
41,21,1.391797,0.723477,0.486247,0.490581
41,22,1.378490,0.721213,0.491415,0.488887
41,23,1.395425,0.725258,0.481216,0.488421
41,24,1.387347,0.730898,0.480478,0.480945
41,25,1.382558,0.736037,0.482597,0.481347
41,26,1.401194,0.736704,0.473993,0.478282
41,27,1.381955,0.742944,0.478456,0.476453
41,28,1.375024,0.747028,0.477580,0.469863
41,29,1.375856,0.749512,0.472100,0.468570
41,30,1.373910,0.758876,0.472949,0.465553
41,31,1.372220,0.763138,0.471560,0.462956
41,32,1.371066,0.766962,0.471648,0.463054
41,33,1.380668,0.763614,0.468450,0.462119
41,34,1.375213,0.764698,0.470307,0.461844
41,35,1.370700,0.752751,0.473814,0.463851
41,36,1.372773,0.762145,0.472665,0.470015
41,37,1.382482,0.747590,0.474314,0.471683
41,38,1.383503,0.737333,0.474383,0.476909
41,39,1.401933,0.729650,0.469660,0.483654
41,40,1.407407,0.724046,0.474693,0.487638
41,41,1.408102,0.730747,0.477285,0.491247
41,42,1.383944,0.754242,0.479139,0.483307
41,43,1.372743,0.773483,0.468334,0.468031
41,44,1.368109,0.777837,0.466440,0.459198
41,45,1.350905,0.784477,0.463800,0.455663
41,46,1.367030,0.786448,0.458874,0.450703
41,47,1.379655,0.784874,0.456221,0.450631
41,48,1.388587,0.775847,0.459438,0.447945
41,49,1.389830,0.767166,0.459535,0.456261
42,1,1.378815,0.760638,0.465239,0.463462
42,2,1.368335,0.752532,0.466861,0.463576
42,3,1.379076,0.750996,0.470208,0.468205
42,4,1.365062,0.746570,0.474369,0.472278
42,5,1.389688,0.742680,0.468264,0.473771
42,6,1.404763,0.734789,0.469625,0.474197
42,7,1.386642,0.727017,0.474633,0.479679
42,8,1.396954,0.737369,0.473497,0.481384
42,9,1.394864,0.739170,0.472653,0.474885
42,10,1.374270,0.741016,0.480089,0.473891
42,11,1.381000,0.746851,0.479696,0.469783
42,12,1.352008,0.756844,0.485843,0.469273
42,13,1.347128,0.764012,0.485704,0.463619
42,14,1.339457,0.764462,0.492247,0.463967
42,15,1.352559,0.751019,0.487568,0.466381
42,16,1.367694,0.735904,0.492502,0.480373
42,17,1.391365,0.732362,0.504874,0.494992
42,18,1.381065,0.749435,0.485535,0.493741
42,19,1.384871,0.738488,0.472316,0.482603
42,20,1.422597,0.751967,0.457830,0.484813
42,21,1.445197,0.748757,0.448109,0.475801
42,22,1.383596,0.752798,0.465137,0.470328
42,23,1.389750,0.761330,0.464942,0.467692
42,24,1.373357,0.758533,0.467995,0.464375
42,25,1.380332,0.762757,0.466309,0.465420
42,26,1.382936,0.764086,0.464247,0.466067
42,27,1.372806,0.766873,0.470434,0.465751
42,28,1.360602,0.767595,0.470162,0.463175
42,29,1.375475,0.770255,0.467470,0.461804
42,30,1.371784,0.766472,0.467609,0.460849
42,31,1.368367,0.770415,0.467213,0.463026
42,32,1.367971,0.759804,0.468862,0.462102
42,33,1.385349,0.755714,0.462533,0.466696
42,34,1.397821,0.748050,0.463373,0.467919
42,35,1.392683,0.740159,0.467023,0.472385
42,36,1.392105,0.740653,0.468220,0.474358
42,37,1.403227,0.733066,0.467724,0.474847
42,38,1.385601,0.736335,0.473753,0.476852
42,39,1.379479,0.740382,0.477201,0.476222
42,40,1.385516,0.740919,0.474630,0.472414
42,41,1.377097,0.744922,0.481476,0.472177
42,42,1.347870,0.750783,0.486003,0.468613
42,43,1.339614,0.756486,0.489012,0.466293
42,44,1.354297,0.755469,0.493883,0.464985
42,45,1.328473,0.752934,0.511894,0.470421
42,46,1.335069,0.760702,0.510887,0.474894
42,47,1.349898,0.742582,0.509608,0.475210
42,48,1.383597,0.742706,0.497352,0.493157
42,49,1.394347,0.744480,0.497194,0.501141
43,1,1.413695,0.760214,0.473157,0.485939
43,2,1.408978,0.769069,0.470773,0.478466
43,3,1.400417,0.778077,0.461606,0.470425
43,4,1.388549,0.781930,0.458448,0.460752
43,5,1.378908,0.783555,0.456569,0.459771
43,6,1.388850,0.787203,0.452559,0.453995
43,7,1.392420,0.782903,0.448586,0.454978
43,8,1.387604,0.780166,0.451934,0.452535
43,9,1.387875,0.776757,0.451207,0.454847
43,10,1.387877,0.770920,0.457830,0.456480
43,11,1.383214,0.763811,0.461144,0.458430
43,12,1.368640,0.764827,0.459076,0.458424
43,13,1.382336,0.764800,0.462825,0.459710
43,14,1.394747,0.757912,0.460037,0.462299
43,15,1.378841,0.755035,0.463730,0.464930
43,16,1.393451,0.748635,0.465361,0.468022
43,17,1.393871,0.747472,0.464515,0.467919
43,18,1.380182,0.746507,0.469047,0.469024
43,19,1.383102,0.744666,0.468156,0.469461
43,20,1.384903,0.741239,0.467981,0.470500
43,21,1.395315,0.739705,0.470383,0.470762
43,22,1.382215,0.738412,0.469993,0.472741
43,23,1.388329,0.739486,0.470526,0.472117
43,24,1.390505,0.738840,0.474289,0.473119
43,25,1.380252,0.737863,0.475076,0.474750
43,26,1.382308,0.739052,0.473509,0.473536
43,27,1.376895,0.739758,0.474878,0.473999
43,28,1.382858,0.739359,0.473314,0.472793
43,29,1.385704,0.738917,0.472535,0.471691
43,30,1.383065,0.738864,0.472670,0.472059
43,31,1.384805,0.735960,0.475564,0.473175
43,32,1.382051,0.735562,0.475353,0.473997
43,33,1.371591,0.740656,0.476888,0.474136
43,34,1.377535,0.737496,0.477996,0.474107
43,35,1.380571,0.736962,0.475576,0.474394
43,36,1.380695,0.736617,0.477611,0.474078
43,37,1.377412,0.737895,0.477212,0.474715
43,38,1.382808,0.738310,0.478800,0.475879
43,39,1.380241,0.736288,0.480666,0.475320
43,40,1.383379,0.735704,0.477698,0.477232
43,41,1.387764,0.731892,0.476023,0.477086
43,42,1.372400,0.731071,0.479575,0.478539
43,43,1.392916,0.726224,0.479774,0.480081
43,44,1.381553,0.725077,0.480790,0.480264
43,45,1.372621,0.726393,0.485155,0.480813
43,46,1.378059,0.725821,0.483659,0.480748
43,47,1.375525,0.723944,0.486095,0.480543
43,48,1.376478,0.723292,0.487547,0.482646
43,49,1.387229,0.722025,0.485317,0.483481
44,1,1.376855,0.727911,0.488747,0.483200
44,2,1.371688,0.728841,0.487382,0.480625
44,3,1.380581,0.727514,0.484476,0.480245
44,4,1.375209,0.731350,0.483884,0.479563
44,5,1.368150,0.737580,0.483030,0.477265
44,6,1.379889,0.737455,0.479501,0.475564
44,7,1.375970,0.735526,0.479369,0.475120
44,8,1.381726,0.735822,0.476972,0.476317
44,9,1.375618,0.732011,0.481679,0.476849
44,10,1.374195,0.732088,0.481600,0.478627
44,11,1.387308,0.730963,0.477781,0.477706
44,12,1.378805,0.724062,0.481658,0.479108
44,13,1.383509,0.726626,0.485075,0.484616
44,14,1.377796,0.734938,0.483691,0.481657
44,15,1.374940,0.742532,0.479040,0.476753
44,16,1.377832,0.743748,0.476017,0.472642
44,17,1.380425,0.749113,0.471398,0.470856
44,18,1.377802,0.756454,0.470812,0.469148
44,19,1.381112,0.755668,0.469854,0.466290
44,20,1.380632,0.751672,0.467155,0.464422
44,21,1.389457,0.752097,0.467668,0.467070
44,22,1.379866,0.748739,0.467658,0.468036
44,23,1.384048,0.750868,0.469621,0.467025
44,24,1.377740,0.756522,0.468754,0.466326
44,25,1.399435,0.750862,0.468696,0.466695
44,26,1.379767,0.750767,0.471619,0.466300
44,27,1.388741,0.748030,0.469777,0.468181
44,28,1.375760,0.744445,0.471661,0.469253
44,29,1.389547,0.743946,0.471204,0.471639
44,30,1.390826,0.739155,0.472345,0.470785
44,31,1.389701,0.737160,0.476799,0.473323
44,32,1.371797,0.731798,0.480710,0.476556
44,33,1.377199,0.732311,0.481697,0.477636
44,34,1.368745,0.732212,0.485686,0.479352
44,35,1.380403,0.731923,0.484754,0.478616
44,36,1.381910,0.733716,0.480428,0.481283
44,37,1.376002,0.736987,0.482339,0.476728
44,38,1.391239,0.736175,0.475092,0.475777
44,39,1.377939,0.738674,0.481293,0.476029
44,40,1.373257,0.743255,0.479204,0.475171
44,41,1.381784,0.743993,0.476814,0.472569
44,42,1.377975,0.748923,0.478168,0.475284
44,43,1.374753,0.751696,0.472193,0.467588
44,44,1.381200,0.758626,0.469034,0.465496
44,45,1.376094,0.759349,0.468243,0.465480
44,46,1.377185,0.757105,0.466287,0.462308
44,47,1.378455,0.759893,0.466742,0.463611
44,48,1.375126,0.761300,0.465025,0.461636
44,49,1.395267,0.752573,0.465759,0.462161
45,1,1.387364,0.745346,0.469160,0.465400
45,2,1.369237,0.745667,0.474070,0.468478
45,3,1.369500,0.747926,0.470670,0.470065
45,4,1.390574,0.748229,0.471251,0.468333
45,5,1.381376,0.745020,0.470632,0.467095
45,6,1.381481,0.740502,0.473155,0.470820
45,7,1.378996,0.739917,0.475999,0.473832
45,8,1.383193,0.734258,0.474794,0.475183
45,9,1.388101,0.730770,0.476197,0.477919
45,10,1.376299,0.731274,0.485529,0.480887
45,11,1.379475,0.736249,0.479931,0.479595
45,12,1.391677,0.741398,0.475131,0.477095
45,13,1.389949,0.746127,0.470896,0.473778
45,14,1.384246,0.748623,0.469573,0.469172
45,15,1.372356,0.753353,0.470313,0.466485
45,16,1.372267,0.753637,0.470651,0.466877
45,17,1.375253,0.763762,0.463950,0.464578
45,18,1.375121,0.765346,0.463440,0.459899
45,19,1.369081,0.771647,0.462577,0.459685
45,20,1.375334,0.768742,0.461431,0.456443
45,21,1.399073,0.763788,0.459263,0.456877
45,22,1.380551,0.764750,0.462741,0.459673
45,23,1.381606,0.759218,0.467241,0.461269
45,24,1.379007,0.754874,0.467743,0.461226
45,25,1.375129,0.757569,0.470020,0.465815
45,26,1.372332,0.750757,0.470818,0.464875
45,27,1.393972,0.740065,0.470125,0.467038
45,28,1.372549,0.738856,0.478640,0.472264
45,29,1.389253,0.731052,0.476782,0.476498
45,30,1.384914,0.708064,0.483956,0.479451
45,31,1.372258,0.708956,0.498312,0.495073
45,32,1.410835,0.726789,0.487026,0.498926
45,33,1.374058,0.744923,0.481035,0.481207
45,34,1.390309,0.754613,0.471250,0.474304
45,35,1.390363,0.753856,0.469008,0.467131
45,36,1.378264,0.758590,0.468623,0.465407
45,37,1.371799,0.752970,0.470919,0.467011
45,38,1.377464,0.755701,0.469292,0.467624
45,39,1.378511,0.754785,0.468067,0.465794
45,40,1.377158,0.757461,0.467017,0.463992
45,41,1.381157,0.757626,0.468184,0.465864
45,42,1.385862,0.752564,0.463083,0.465010
45,43,1.390872,0.751642,0.465018,0.465349
45,44,1.382976,0.747773,0.468950,0.468785
45,45,1.388183,0.744292,0.466261,0.471414
45,46,1.384147,0.741128,0.470537,0.471751
45,47,1.387892,0.740574,0.469847,0.472994
45,48,1.384944,0.738077,0.471710,0.473038
45,49,1.388014,0.738161,0.474136,0.473655
46,1,1.381297,0.736189,0.476499,0.475226
46,2,1.372922,0.734896,0.480516,0.474667
46,3,1.364289,0.738636,0.485165,0.475772
46,4,1.363584,0.735204,0.488402,0.474325
46,5,1.351528,0.730282,0.497286,0.476895
46,6,1.360098,0.720264,0.497560,0.482035
46,7,1.362666,0.713514,0.510717,0.495816
46,8,1.372357,0.698121,0.508517,0.497855
46,9,1.388666,0.704733,0.510783,0.508195
46,10,1.392018,0.724167,0.490549,0.497732
46,11,1.378652,0.733648,0.492333,0.487994
46,12,1.399104,0.747341,0.477666,0.483805
46,13,1.390799,0.760697,0.476407,0.477491
46,14,1.368913,0.775921,0.469608,0.466778
46,15,1.392504,0.780413,0.456795,0.459294
46,16,1.399410,0.783037,0.452198,0.454248
46,17,1.391428,0.778297,0.453117,0.453931
46,18,1.400938,0.769920,0.454860,0.453502
46,19,1.379974,0.769173,0.458512,0.458105
46,20,1.400312,0.763764,0.460431,0.457740
46,21,1.386973,0.760757,0.462592,0.460410
46,22,1.377338,0.759823,0.464322,0.462548
46,23,1.383779,0.756365,0.463772,0.462227
46,24,1.365297,0.760696,0.466488,0.462783
46,25,1.381101,0.759109,0.465077,0.463424
46,26,1.385315,0.754069,0.467300,0.462673
46,27,1.381922,0.756715,0.465353,0.462020
46,28,1.382886,0.755717,0.466005,0.465014
46,29,1.377072,0.754816,0.467954,0.465776
46,30,1.381413,0.750837,0.466803,0.465279
46,31,1.371759,0.754921,0.467873,0.466543
46,32,1.372946,0.758257,0.467551,0.464465
46,33,1.366604,0.761953,0.464974,0.464043
46,34,1.373669,0.761728,0.462340,0.462072
46,35,1.379587,0.761607,0.459870,0.461782
46,36,1.384892,0.760014,0.460605,0.460347
46,37,1.378245,0.760990,0.461320,0.461381
46,38,1.369740,0.760113,0.460858,0.462461
46,39,1.378301,0.760469,0.459088,0.461543
46,40,1.376778,0.758736,0.461602,0.462126
46,41,1.396152,0.755579,0.458928,0.462073
46,42,1.391287,0.751522,0.462286,0.463775
46,43,1.367802,0.751123,0.466943,0.466195
46,44,1.382499,0.747718,0.469772,0.466502
46,45,1.386457,0.743211,0.470119,0.468464
46,46,1.389671,0.738995,0.472355,0.470389
46,47,1.371793,0.737288,0.475566,0.472484
46,48,1.380688,0.736491,0.476611,0.474506
46,49,1.382219,0.733320,0.479074,0.475208
47,1,1.368434,0.734199,0.481463,0.476342
47,2,1.376317,0.737421,0.480115,0.475978
47,3,1.384476,0.736443,0.476240,0.473601
47,4,1.376888,0.738712,0.478418,0.475793
47,5,1.379945,0.735431,0.477402,0.476944
47,6,1.387745,0.741177,0.475510,0.475012
47,7,1.380052,0.737524,0.481091,0.475030
47,8,1.377893,0.742235,0.478919,0.474702
47,9,1.381579,0.743577,0.475735,0.472827
47,10,1.373774,0.741769,0.478104,0.472297
47,11,1.379177,0.742711,0.472966,0.471656
47,12,1.383041,0.743287,0.473017,0.472523
47,13,1.384515,0.742154,0.472703,0.473663
47,14,1.370633,0.746270,0.473901,0.473357
47,15,1.381691,0.749045,0.470014,0.469953
47,16,1.383753,0.748359,0.471127,0.468780
47,17,1.384328,0.746416,0.469114,0.468675
47,18,1.385653,0.749198,0.467995,0.469990
47,19,1.377546,0.750891,0.469083,0.467129
47,20,1.388280,0.749593,0.467957,0.466011
47,21,1.381995,0.753124,0.467892,0.467051
47,22,1.384677,0.749926,0.469718,0.467511
47,23,1.379213,0.749203,0.470818,0.467735
47,24,1.373358,0.749660,0.470265,0.467526
47,25,1.373408,0.754482,0.470118,0.466261
47,26,1.382163,0.752717,0.467930,0.466895
47,27,1.372695,0.757027,0.468383,0.464973
47,28,1.374494,0.755803,0.465074,0.463088
47,29,1.391691,0.753896,0.469334,0.465285
47,30,1.385706,0.747213,0.469431,0.467615
47,31,1.382494,0.742544,0.473564,0.470729
47,32,1.382812,0.736448,0.474877,0.473579
47,33,1.386879,0.730241,0.476395,0.476679
47,34,1.385900,0.724951,0.480775,0.480334
47,35,1.383148,0.723147,0.484513,0.483656
47,36,1.381039,0.720395,0.485953,0.484262
47,37,1.383672,0.718092,0.487448,0.484942
47,38,1.378316,0.718455,0.491341,0.487336
47,39,1.373375,0.718095,0.494366,0.489220
47,40,1.370538,0.720546,0.497700,0.488533
47,41,1.374624,0.715782,0.498255,0.489301
47,42,1.382583,0.712043,0.500932,0.495901
47,43,1.392044,0.713509,0.499625,0.500184
47,44,1.403660,0.713296,0.491313,0.499465
47,45,1.386530,0.726832,0.486122,0.488796
47,46,1.391883,0.735360,0.478022,0.483079
47,47,1.385944,0.744786,0.476259,0.478364
47,48,1.387537,0.754855,0.470968,0.470153
47,49,1.384213,0.753773,0.467119,0.465519
48,1,1.374557,0.757247,0.468432,0.462759
48,2,1.366717,0.760318,0.468396,0.463936
48,3,1.376701,0.762001,0.466161,0.461952
48,4,1.375835,0.762011,0.467003,0.462490
48,5,1.387208,0.764290,0.463747,0.461334
48,6,1.383989,0.763104,0.465315,0.462040
48,7,1.373908,0.761977,0.464962,0.463799
48,8,1.371307,0.766587,0.462370,0.463374
48,9,1.385242,0.763192,0.460428,0.460654
48,10,1.408267,0.760104,0.459501,0.460622
48,11,1.380829,0.755547,0.460872,0.464245
48,12,1.380701,0.752772,0.465372,0.463699
48,13,1.392356,0.749096,0.465937,0.466005
48,14,1.388759,0.748855,0.468403,0.466165
48,15,1.377202,0.745277,0.469886,0.469504
48,16,1.382570,0.744738,0.471023,0.469950
48,17,1.384825,0.742089,0.471240,0.470231
48,18,1.387446,0.740925,0.473419,0.472271
48,19,1.390809,0.737856,0.474261,0.473668
48,20,1.389318,0.735081,0.474917,0.475152
48,21,1.379400,0.736288,0.476831,0.475739
48,22,1.376639,0.734984,0.478013,0.475628
48,23,1.377674,0.737085,0.478187,0.475975
48,24,1.386453,0.737169,0.479938,0.474789
48,25,1.378064,0.737922,0.478277,0.474817
48,26,1.387931,0.736301,0.477857,0.474232
48,27,1.374643,0.735877,0.478635,0.476459
48,28,1.372874,0.736016,0.479136,0.475273
48,29,1.384401,0.736751,0.478044,0.475675
48,30,1.376681,0.738052,0.478595,0.477158
48,31,1.380657,0.735210,0.478098,0.475612
48,32,1.380648,0.738559,0.476845,0.475217
48,33,1.378780,0.737257,0.481229,0.476850
48,34,1.380337,0.733572,0.478305,0.475385
48,35,1.382038,0.736656,0.477266,0.475997
48,36,1.379719,0.734679,0.481618,0.477366
48,37,1.378312,0.727145,0.482314,0.477853
48,38,1.376087,0.721467,0.486888,0.480869
48,39,1.387221,0.707927,0.485808,0.487047
48,40,1.386272,0.713055,0.493619,0.493978
48,41,1.385171,0.714092,0.495384,0.493583
48,42,1.388073,0.725638,0.492329,0.494431
48,43,1.392664,0.734478,0.479955,0.486382
48,44,1.372395,0.752353,0.483088,0.478878
48,45,1.375380,0.761257,0.471090,0.468184
48,46,1.357958,0.777512,0.467847,0.466404
48,47,1.370130,0.778554,0.461751,0.459314
48,48,1.372409,0.779346,0.456279,0.457037
48,49,1.369167,0.781895,0.453986,0.454568
49,1,1.402635,0.772717,0.448014,0.454702
49,2,1.382529,0.774840,0.449708,0.453609
49,3,1.386816,0.776739,0.451229,0.453339
49,4,1.400401,0.768985,0.453793,0.455008
49,5,1.386853,0.764777,0.456748,0.456450
49,6,1.394271,0.760500,0.456654,0.459819
49,7,1.386238,0.758737,0.460589,0.461920
49,8,1.390380,0.753380,0.461017,0.462429
49,9,1.385173,0.754816,0.466181,0.464257
49,10,1.378004,0.751443,0.466842,0.466369
49,11,1.393804,0.750607,0.463461,0.466139
49,12,1.382892,0.750902,0.466484,0.466629
49,13,1.384173,0.749072,0.467810,0.467115
49,14,1.369894,0.752643,0.470703,0.468813
49,15,1.361806,0.753305,0.469470,0.465957
49,16,1.377935,0.757123,0.469925,0.464886
49,17,1.373608,0.757711,0.465769,0.464090
49,18,1.375816,0.754025,0.466364,0.464078
49,19,1.387910,0.753091,0.464669,0.464169
49,20,1.389664,0.750045,0.467588,0.466177
49,21,1.384880,0.743239,0.470888,0.468703
49,22,1.385409,0.740256,0.470220,0.469858
49,23,1.377129,0.736923,0.476286,0.471764
49,24,1.379741,0.736169,0.476534,0.474427
49,25,1.383171,0.736345,0.476259,0.476134
49,26,1.373188,0.735093,0.480347,0.476493
49,27,1.385911,0.736424,0.478190,0.476130
49,28,1.388451,0.731811,0.477451,0.476176
49,29,1.380533,0.735785,0.477484,0.480131
49,30,1.391252,0.734492,0.476655,0.478566
49,31,1.380214,0.740596,0.476903,0.477023
49,32,1.384897,0.744618,0.473138,0.473720
49,33,1.386335,0.752546,0.470061,0.471140
49,34,1.380952,0.755481,0.469497,0.468367
49,35,1.386534,0.754958,0.466883,0.464325
49,36,1.379462,0.761764,0.467720,0.463757
49,37,1.376366,0.760528,0.462136,0.464398
49,38,1.392453,0.756778,0.464004,0.462869
49,39,1.379013,0.752569,0.463370,0.464609
49,40,1.380175,0.750086,0.469796,0.465590
49,41,1.372254,0.753170,0.469757,0.466300
49,42,1.381366,0.750980,0.469978,0.466768
49,43,1.372748,0.749571,0.468961,0.467114
49,44,1.377669,0.747898,0.471625,0.467181
49,45,1.376748,0.745527,0.471560,0.469760
49,46,1.364164,0.744473,0.475556,0.470383
49,47,1.366449,0.746051,0.473827,0.471640
49,48,1.377373,0.744761,0.475483,0.469280
49,49,1.375022,0.742690,0.474303,0.470775
50,1,1.369795,0.742870,0.479120,0.471750
50,2,1.362845,0.735684,0.482729,0.472947
50,3,1.377083,0.732966,0.483141,0.477386
50,4,1.384405,0.729597,0.482120,0.483858
50,5,1.380246,0.726217,0.482941,0.482950
50,6,1.374591,0.733898,0.484614,0.482816
50,7,1.384508,0.739756,0.483291,0.480463
50,8,1.391254,0.745393,0.476467,0.475478
50,9,1.374315,0.742696,0.475952,0.473083
50,10,1.389075,0.739943,0.474720,0.472769
50,11,1.387220,0.741174,0.474085,0.475060
50,12,1.377377,0.740867,0.474853,0.474888
50,13,1.382825,0.750394,0.470391,0.473073
50,14,1.378397,0.756622,0.468918,0.470498
50,15,1.401714,0.757433,0.462792,0.464362
50,16,1.389398,0.757628,0.462776,0.463842
50,17,1.379473,0.758168,0.465590,0.465416
50,18,1.384407,0.759678,0.464356,0.464499
50,19,1.381840,0.758862,0.462707,0.461963
50,20,1.377987,0.762597,0.466607,0.460992
50,21,1.384420,0.763657,0.463471,0.462176
50,22,1.392735,0.761932,0.463675,0.460283
50,23,1.374358,0.756458,0.467430,0.463843
50,24,1.383988,0.757255,0.466822,0.464696
50,25,1.376467,0.751629,0.470868,0.465395
50,26,1.372636,0.751353,0.470449,0.468395
50,27,1.388049,0.743124,0.469674,0.470912
50,28,1.383091,0.740582,0.471044,0.472871
50,29,1.386583,0.736136,0.472736,0.473830
50,30,1.383251,0.736462,0.473055,0.474345
50,31,1.377156,0.738646,0.474986,0.476400
50,32,1.380349,0.741630,0.475988,0.474026
50,33,1.382267,0.744984,0.474055,0.473690
50,34,1.395435,0.740675,0.472775,0.471973
50,35,1.381335,0.741692,0.473553,0.473357
50,36,1.387280,0.742060,0.473498,0.473201
50,37,1.373644,0.745973,0.474470,0.472174
50,38,1.376739,0.751092,0.473755,0.468790
50,39,1.377462,0.747869,0.475215,0.469119
50,40,1.380087,0.747238,0.474065,0.469511
50,41,1.386969,0.742605,0.473459,0.469474
50,42,1.381669,0.744004,0.474769,0.472410
50,43,1.381588,0.745274,0.475294,0.472422
50,44,1.381701,0.740853,0.475785,0.471597
50,45,1.376902,0.746161,0.474349,0.471927
50,46,1.373486,0.750933,0.475387,0.472248
50,47,1.385564,0.748038,0.475530,0.469194
50,48,1.367384,0.747334,0.477724,0.468165
50,49,1.367158,0.737152,0.480602,0.469812
51,1,1.372307,0.734754,0.485596,0.476039
51,2,1.373718,0.728661,0.487659,0.482717
51,3,1.384909,0.736060,0.488577,0.487163
51,4,1.386977,0.733316,0.481137,0.484684
51,5,1.393436,0.749775,0.476578,0.484257
51,6,1.393654,0.760299,0.470235,0.475192
51,7,1.376324,0.769968,0.465581,0.466147
51,8,1.384027,0.773294,0.463722,0.457723
51,9,1.380156,0.771289,0.460959,0.455172
51,10,1.377640,0.771759,0.461904,0.457900
51,11,1.387924,0.767238,0.462655,0.456431
51,12,1.380242,0.764813,0.462712,0.457578
51,13,1.370731,0.765435,0.466157,0.461096
51,14,1.377571,0.764603,0.467410,0.460003
51,15,1.381499,0.761591,0.466227,0.462478
51,16,1.375789,0.753826,0.468173,0.463090
51,17,1.373346,0.754310,0.470915,0.467364
51,18,1.387001,0.749602,0.470288,0.469820
51,19,1.385010,0.743096,0.470710,0.471478
51,20,1.393350,0.735930,0.473643,0.475006
51,21,1.393984,0.731391,0.472923,0.479760
51,22,1.397025,0.731103,0.471737,0.481119
51,23,1.402181,0.731486,0.471449,0.481062
51,24,1.401886,0.735112,0.471827,0.479495
51,25,1.385356,0.746117,0.473756,0.476649
51,26,1.385812,0.746582,0.471444,0.472321
51,27,1.371019,0.751902,0.473323,0.468761
51,28,1.375299,0.756283,0.470418,0.467733
51,29,1.387445,0.753604,0.467610,0.466878
51,30,1.382558,0.754522,0.470913,0.467244
51,31,1.379385,0.749963,0.469974,0.467642
51,32,1.376945,0.754693,0.471598,0.468133
51,33,1.367231,0.755462,0.472597,0.465293
51,34,1.377069,0.756153,0.471548,0.464626
51,35,1.375520,0.761174,0.469117,0.463046
51,36,1.378690,0.756533,0.469360,0.462928
51,37,1.374810,0.756830,0.469781,0.465317
51,38,1.373741,0.754698,0.471843,0.465924
51,39,1.375873,0.748407,0.472553,0.469615
51,40,1.385951,0.746028,0.467320,0.472058
51,41,1.399179,0.743641,0.464723,0.474657
51,42,1.386387,0.741921,0.471301,0.475108
51,43,1.390436,0.747269,0.466319,0.474012
51,44,1.386880,0.755735,0.467121,0.468582
51,45,1.359002,0.767790,0.472173,0.464976
51,46,1.365228,0.776036,0.470714,0.459748
51,47,1.369514,0.772075,0.469134,0.459672
51,48,1.369549,0.754964,0.477613,0.462585
51,49,1.377757,0.739357,0.476140,0.471194
52,1,1.399446,0.721193,0.470995,0.481071
52,2,1.375585,0.717701,0.489156,0.490775
52,3,1.400361,0.721749,0.486980,0.495931
52,4,1.402301,0.727929,0.478942,0.487806
52,5,1.384000,0.736361,0.479035,0.479153
52,6,1.408512,0.742654,0.471042,0.478662
52,7,1.382943,0.741593,0.471034,0.475721
52,8,1.390898,0.745712,0.472703,0.473524
52,9,1.379141,0.745865,0.472938,0.471675
52,10,1.381488,0.751041,0.470299,0.469207
52,11,1.389514,0.749244,0.470241,0.468224
52,12,1.372072,0.758362,0.468857,0.468287
52,13,1.381305,0.760608,0.466932,0.465992
52,14,1.377676,0.758115,0.465761,0.462980
52,15,1.376712,0.767773,0.465374,0.461835
52,16,1.400187,0.763370,0.460183,0.458878
52,17,1.379249,0.767317,0.460426,0.460496
52,18,1.399096,0.760727,0.462541,0.459442
52,19,1.371133,0.759586,0.466399,0.462410
52,20,1.378017,0.763011,0.466661,0.463060
52,21,1.377551,0.760873,0.465832,0.462551
52,22,1.379498,0.763292,0.467284,0.462233
52,23,1.382374,0.758680,0.462626,0.461818
52,24,1.383078,0.752317,0.468557,0.466014
52,25,1.394344,0.745180,0.467972,0.468502
52,26,1.391673,0.743062,0.467359,0.470358
52,27,1.386200,0.740640,0.471762,0.473333
52,28,1.372477,0.743948,0.474855,0.472056
52,29,1.376309,0.744016,0.475041,0.471578
52,30,1.368543,0.747265,0.475120,0.470080
52,31,1.363255,0.752010,0.476492,0.469552
52,32,1.374545,0.751033,0.476366,0.467798
52,33,1.378741,0.752129,0.474411,0.467588
52,34,1.376317,0.743156,0.481096,0.469924
52,35,1.373930,0.740562,0.478781,0.473687
52,36,1.372717,0.738416,0.480275,0.475492
52,37,1.378245,0.731554,0.480984,0.476739
52,38,1.366027,0.730229,0.486999,0.480851
52,39,1.373921,0.729655,0.485770,0.481294
52,40,1.373550,0.730432,0.482264,0.479729
52,41,1.376688,0.733496,0.481348,0.478337
52,42,1.374052,0.730610,0.488874,0.480150
52,43,1.367577,0.720188,0.497872,0.486907
52,44,1.396548,0.721892,0.486641,0.490230
52,45,1.394381,0.725117,0.486623,0.490949
52,46,1.387708,0.734394,0.480320,0.485497
52,47,1.405834,0.749845,0.472593,0.483685
52,48,1.397147,0.749799,0.468493,0.472816
52,49,1.389650,0.753996,0.467723,0.468179
53,1,1.377773,0.759112,0.464319,0.467792
53,2,1.389752,0.759896,0.464333,0.465514
53,3,1.379322,0.758111,0.465709,0.463020
53,4,1.394204,0.758434,0.464048,0.462555
53,5,1.380539,0.757919,0.466168,0.463805
53,6,1.384094,0.756389,0.467159,0.463873
53,7,1.377968,0.758355,0.465536,0.464623
53,8,1.364542,0.763446,0.468464,0.463732
53,9,1.374727,0.761022,0.467862,0.461423
53,10,1.384775,0.758600,0.461853,0.460584
53,11,1.358232,0.762527,0.469583,0.464366
53,12,1.377423,0.762228,0.463534,0.463798
53,13,1.377747,0.756924,0.462515,0.462171
53,14,1.390494,0.753316,0.464410,0.464961
53,15,1.386840,0.742868,0.470729,0.468965
53,16,1.380902,0.731817,0.477528,0.474788
53,17,1.383294,0.719780,0.485461,0.483131
53,18,1.392720,0.716287,0.487230,0.490044
53,19,1.395247,0.718007,0.486039,0.491232
53,20,1.394572,0.727630,0.481061,0.486313
53,21,1.376580,0.736708,0.484542,0.480144
53,22,1.375722,0.743068,0.482550,0.475828
53,23,1.373436,0.747645,0.481446,0.472042
53,24,1.352378,0.754760,0.483387,0.469283
53,25,1.370882,0.760312,0.474213,0.466556
53,26,1.355966,0.766325,0.475202,0.463015
53,27,1.381841,0.759533,0.470963,0.460880
53,28,1.361855,0.757753,0.470685,0.463025
53,29,1.387167,0.753693,0.463949,0.465582
53,30,1.387955,0.740533,0.468180,0.469226
53,31,1.380309,0.730960,0.473467,0.473768
53,32,1.401629,0.727771,0.465555,0.476876
53,33,1.390961,0.723955,0.477224,0.480037
53,34,1.376705,0.727636,0.488396,0.480294
53,35,1.373108,0.731836,0.487460,0.479247
53,36,1.366833,0.729748,0.488570,0.479611
53,37,1.374467,0.724519,0.493222,0.484114
53,38,1.366202,0.727877,0.494243,0.482426
53,39,1.378032,0.723426,0.494321,0.487892
53,40,1.379338,0.719319,0.493960,0.488447
53,41,1.387523,0.714974,0.492610,0.493508
53,42,1.386714,0.720844,0.496093,0.495790
53,43,1.388320,0.727290,0.489284,0.491182
53,44,1.399709,0.738709,0.475605,0.486234
53,45,1.397989,0.748908,0.473958,0.480588
53,46,1.389082,0.747949,0.474965,0.475876
53,47,1.373499,0.754274,0.473756,0.469483
53,48,1.380969,0.759313,0.475717,0.468306
53,49,1.370555,0.760199,0.472888,0.464856
54,1,1.368702,0.760808,0.476351,0.465283
54,2,1.360691,0.760412,0.483407,0.469219
54,3,1.375972,0.750163,0.481290,0.469062
54,4,1.367965,0.736955,0.484816,0.473098
54,5,1.357530,0.726418,0.500106,0.480768
54,6,1.382630,0.732578,0.491784,0.493690
54,7,1.380842,0.732937,0.496074,0.494042
54,8,1.411930,0.743942,0.474847,0.486503
54,9,1.387163,0.762019,0.478853,0.477070
54,10,1.356730,0.787731,0.480619,0.469096
54,11,1.357425,0.798430,0.467947,0.453485
54,12,1.366181,0.802887,0.465296,0.445875
54,13,1.339957,0.812069,0.468030,0.448096
54,14,1.380681,0.792363,0.460247,0.450934
54,15,1.383168,0.794583,0.454005,0.458432
54,16,1.394100,0.786293,0.453942,0.452915
54,17,1.391411,0.779714,0.454125,0.456326
54,18,1.373460,0.774535,0.458588,0.456828
54,19,1.381598,0.771462,0.459401,0.458419
54,20,1.390867,0.763880,0.458534,0.459280
54,21,1.407945,0.756831,0.464592,0.461766
54,22,1.385004,0.751078,0.471843,0.467439
54,23,1.370556,0.753959,0.473921,0.469644
54,24,1.373809,0.759468,0.472365,0.467818
54,25,1.377973,0.766160,0.469217,0.463788
54,26,1.365087,0.769817,0.473706,0.464835
54,27,1.379761,0.766393,0.469694,0.462276
54,28,1.386115,0.747723,0.466871,0.464189
54,29,1.379371,0.741483,0.482877,0.476820
54,30,1.384119,0.745197,0.484523,0.487812
54,31,1.394894,0.751968,0.475345,0.483259
54,32,1.385849,0.755640,0.472566,0.474145
54,33,1.392360,0.764582,0.469556,0.469644
54,34,1.372289,0.777965,0.472773,0.465918
54,35,1.341803,0.799797,0.472631,0.456796
54,36,1.367584,0.803271,0.464641,0.449062
54,37,1.333743,0.805732,0.468930,0.445820
54,38,1.372876,0.788271,0.462694,0.450006
54,39,1.369294,0.761471,0.467030,0.466284
54,40,1.372276,0.739933,0.476958,0.477481
54,41,1.413146,0.722137,0.470336,0.484091
54,42,1.406034,0.720159,0.473018,0.488238
54,43,1.386529,0.721163,0.483849,0.487066
54,44,1.376283,0.728238,0.488053,0.485600
54,45,1.379292,0.730476,0.495750,0.487441
54,46,1.377039,0.738296,0.488243,0.484677
54,47,1.369471,0.747538,0.488338,0.478735
54,48,1.371467,0.755955,0.488800,0.475977
54,49,1.364671,0.762046,0.485700,0.467092
55,1,1.360576,0.769876,0.479269,0.466897
55,2,1.371604,0.772944,0.474345,0.465377
55,3,1.377051,0.764027,0.470079,0.467476
55,4,1.403062,0.753746,0.465526,0.475364
55,5,1.401886,0.744034,0.463677,0.477352
55,6,1.385528,0.754203,0.462799,0.472242
55,7,1.403540,0.758224,0.460478,0.468691
55,8,1.391732,0.764230,0.462090,0.467378
55,9,1.383927,0.769836,0.461516,0.462888
55,10,1.385063,0.771773,0.465492,0.460327
55,11,1.372928,0.766992,0.466009,0.461956
55,12,1.381891,0.763250,0.468242,0.462544
55,13,1.380554,0.748664,0.471935,0.469030
55,14,1.389007,0.746207,0.470077,0.471828
55,15,1.377454,0.750322,0.472073,0.473641
55,16,1.380468,0.752650,0.472008,0.470431
55,17,1.372345,0.766060,0.470754,0.465884
55,18,1.368771,0.777243,0.472830,0.460554
55,19,1.352747,0.782551,0.472095,0.457535
55,20,1.346573,0.782527,0.473543,0.457702
55,21,1.364418,0.779722,0.465385,0.457781
55,22,1.359334,0.770375,0.473675,0.458936
55,23,1.368916,0.765298,0.470435,0.459244
55,24,1.386386,0.757554,0.465910,0.465074
55,25,1.357645,0.746890,0.488914,0.470265
55,26,1.375011,0.737940,0.488108,0.475992
55,27,1.410592,0.733439,0.479047,0.490361
55,28,1.384221,0.732710,0.490568,0.490414
55,29,1.387873,0.738399,0.487270,0.491200
55,30,1.399711,0.751776,0.475658,0.489362
55,31,1.402095,0.759833,0.467735,0.478601
55,32,1.384228,0.778122,0.467636,0.469784
55,33,1.392483,0.786507,0.463353,0.456303
55,34,1.377224,0.786880,0.463306,0.451025
55,35,1.358101,0.794217,0.464675,0.449080
55,36,1.356327,0.798648,0.464930,0.447745
55,37,1.357498,0.795843,0.463724,0.450818
55,38,1.383597,0.779770,0.461899,0.452687
55,39,1.378777,0.772607,0.460302,0.458236
55,40,1.389551,0.755956,0.462084,0.464678
55,41,1.398991,0.748887,0.463202,0.468895
55,42,1.386753,0.745078,0.469124,0.472741
55,43,1.390975,0.742603,0.469676,0.473325
55,44,1.382746,0.746055,0.473092,0.472186
55,45,1.376720,0.752400,0.473267,0.471886
55,46,1.368944,0.756134,0.473842,0.468783
55,47,1.377890,0.763457,0.470563,0.465426
55,48,1.362745,0.771751,0.473830,0.463286
55,49,1.357289,0.778836,0.472366,0.458996
56,1,1.368563,0.781342,0.470731,0.456002
56,2,1.365682,0.779285,0.468806,0.454898
56,3,1.381279,0.764850,0.462236,0.456427
56,4,1.409740,0.742154,0.454813,0.468647
56,5,1.365400,0.732190,0.480641,0.475886
56,6,1.394311,0.727016,0.475628,0.481321
56,7,1.379040,0.722517,0.488435,0.486209
56,8,1.389705,0.719079,0.484276,0.484742
56,9,1.388169,0.724011,0.486641,0.485255
56,10,1.385047,0.716247,0.488219,0.488122
56,11,1.371170,0.716627,0.499048,0.489240
56,12,1.379823,0.708597,0.498645,0.493130
56,13,1.384202,0.705251,0.501128,0.499225
56,14,1.383404,0.710200,0.504765,0.501918
56,15,1.385293,0.720572,0.501200,0.498309
56,16,1.391668,0.723974,0.495581,0.492278
56,17,1.395630,0.739335,0.482859,0.484343
56,18,1.384026,0.750282,0.478759,0.478590
56,19,1.377815,0.764805,0.471345,0.466785
56,20,1.367998,0.777581,0.466850,0.461940
56,21,1.359747,0.792397,0.465599,0.452258
56,22,1.365579,0.795292,0.462331,0.448169
56,23,1.367168,0.803754,0.458978,0.443773
56,24,1.358798,0.812269,0.454775,0.440572
56,25,1.356726,0.818199,0.454232,0.440020
56,26,1.372931,0.810190,0.448569,0.442460
56,27,1.375921,0.796753,0.446672,0.444342
56,28,1.399279,0.778132,0.450237,0.452240
56,29,1.399794,0.766652,0.451593,0.457926
56,30,1.393065,0.761388,0.460164,0.463734
56,31,1.387625,0.756783,0.463529,0.466257
56,32,1.379662,0.753215,0.470789,0.467895
56,33,1.367719,0.749004,0.477048,0.470585
56,34,1.378701,0.741606,0.481663,0.474800
56,35,1.375902,0.729977,0.486951,0.481500
56,36,1.383920,0.725387,0.486725,0.482631
56,37,1.362265,0.730892,0.498658,0.485174
56,38,1.378781,0.736778,0.491154,0.485756
56,39,1.370622,0.746036,0.486657,0.478662
56,40,1.367628,0.755741,0.490404,0.476049
56,41,1.364623,0.753153,0.483492,0.471431
56,42,1.381894,0.752770,0.483926,0.475432
56,43,1.363061,0.767123,0.490065,0.477912
56,44,1.384553,0.779143,0.465476,0.468460
56,45,1.381551,0.789422,0.468500,0.462612
56,46,1.387333,0.793392,0.460380,0.453666
56,47,1.383055,0.784680,0.456647,0.459395
56,48,1.377469,0.776864,0.459561,0.456421
56,49,1.362231,0.775824,0.461015,0.456063
57,1,1.380352,0.779619,0.457319,0.457236
57,2,1.390488,0.781784,0.457065,0.455546
57,3,1.375551,0.781318,0.456526,0.453432
57,4,1.377160,0.779568,0.465584,0.451648
57,5,1.355139,0.787910,0.468046,0.453233
57,6,1.367324,0.782192,0.463122,0.452848
57,7,1.390547,0.757573,0.461163,0.462322
57,8,1.393158,0.734647,0.474926,0.472017
57,9,1.392433,0.720767,0.478037,0.482844
57,10,1.393474,0.720216,0.479843,0.485859
57,11,1.378707,0.717372,0.491262,0.488848
57,12,1.366052,0.719704,0.503492,0.487135
57,13,1.361488,0.720023,0.504658,0.488314
57,14,1.350147,0.718394,0.512674,0.488002
57,15,1.353068,0.724070,0.519794,0.491849
57,16,1.332204,0.732121,0.527814,0.492651
57,17,1.340446,0.736053,0.519583,0.489146
57,18,1.376829,0.739764,0.522216,0.508970
57,19,1.456266,0.775644,0.498644,0.527851
57,20,1.378295,0.823763,0.483713,0.475831
57,21,1.371199,0.848301,0.460854,0.445278
57,22,1.366196,0.861564,0.459540,0.428787
57,23,1.344368,0.879273,0.451864,0.423397
57,24,1.362707,0.878038,0.439152,0.423909
57,25,1.348676,0.867625,0.456095,0.426076
57,26,1.418491,0.803323,0.445931,0.441503
57,27,1.403487,0.762476,0.453623,0.469126
57,28,1.416543,0.750223,0.453255,0.476167
57,29,1.420646,0.760277,0.448869,0.472859
57,30,1.386543,0.781360,0.458385,0.462557
57,31,1.371154,0.800219,0.462988,0.451578
57,32,1.357561,0.815655,0.459750,0.443377
57,33,1.335837,0.828113,0.469066,0.437457
57,34,1.353234,0.818479,0.453467,0.438214
57,35,1.391481,0.778183,0.457189,0.454120
57,36,1.396267,0.734647,0.468253,0.476001
57,37,1.432874,0.711707,0.465650,0.490785
57,38,1.403144,0.710695,0.487420,0.495839
57,39,1.395579,0.713910,0.486398,0.493937
57,40,1.377321,0.720290,0.495544,0.489908
57,41,1.360774,0.733849,0.502363,0.486528
57,42,1.335839,0.750181,0.509578,0.478439
57,43,1.322425,0.749567,0.521312,0.475305
57,44,1.293383,0.738824,0.549055,0.485767
57,45,1.339636,0.697874,0.559991,0.512720
57,46,1.363622,0.667224,0.596745,0.546867
57,47,1.433808,0.681585,0.537822,0.550710
57,48,1.400362,0.693514,0.518769,0.521216
57,49,1.434991,0.714012,0.495181,0.506052
58,1,1.401579,0.723413,0.484018,0.493302
58,2,1.398375,0.739590,0.476266,0.484818
58,3,1.395535,0.746058,0.469977,0.478968
58,4,1.414869,0.751452,0.458818,0.473654
58,5,1.396423,0.752002,0.461149,0.466842
58,6,1.387165,0.757517,0.459980,0.466408
58,7,1.374467,0.759639,0.462239,0.462767
58,8,1.366276,0.769717,0.462035,0.461936
58,9,1.375900,0.775128,0.459663,0.457563
58,10,1.377160,0.781870,0.457168,0.454719
58,11,1.384547,0.779409,0.452873,0.454086
58,12,1.385667,0.775775,0.455819,0.453222
58,13,1.395093,0.771511,0.455887,0.455956
58,14,1.382048,0.762033,0.455603,0.460113
58,15,1.386597,0.759772,0.457108,0.461253
58,16,1.383109,0.758295,0.457248,0.463521
58,17,1.394737,0.756016,0.460014,0.465693
58,18,1.394127,0.752248,0.461647,0.465570
58,19,1.399377,0.751951,0.462908,0.466170
58,20,1.386443,0.752996,0.465106,0.466502
58,21,1.393411,0.751145,0.466578,0.467258
58,22,1.382497,0.750881,0.468618,0.468483
58,23,1.380770,0.750370,0.469634,0.468070
58,24,1.377401,0.751594,0.468524,0.466597
58,25,1.378575,0.752877,0.470891,0.465647
58,26,1.372306,0.757116,0.468733,0.465593
58,27,1.388446,0.754458,0.468658,0.464932
58,28,1.366642,0.756344,0.469516,0.464354
58,29,1.375410,0.757519,0.470092,0.463918
58,30,1.377172,0.756323,0.471505,0.464319
58,31,1.388107,0.751432,0.472379,0.466076
58,32,1.377271,0.749870,0.469575,0.467346
58,33,1.376983,0.750351,0.474686,0.467912
58,34,1.381134,0.744878,0.473331,0.467801
58,35,1.375204,0.743079,0.478805,0.471590
58,36,1.375676,0.743154,0.476669,0.471844
58,37,1.376364,0.741037,0.477091,0.474178
58,38,1.380653,0.742879,0.476520,0.471014
58,39,1.369096,0.745661,0.479517,0.473629
58,40,1.388952,0.739910,0.476168,0.472355
58,41,1.383635,0.743389,0.473327,0.472982
58,42,1.373732,0.749198,0.477748,0.471920
58,43,1.386249,0.748954,0.470805,0.469336
58,44,1.357172,0.753837,0.473742,0.466788
58,45,1.385150,0.751014,0.471030,0.465361
58,46,1.369930,0.750954,0.473112,0.465813
58,47,1.370466,0.756328,0.473233,0.466443
58,48,1.376924,0.751269,0.474233,0.464967
58,49,1.372469,0.750741,0.476165,0.468443
59,1,1.372897,0.749325,0.473176,0.471903
59,2,1.388030,0.751372,0.471387,0.471560
59,3,1.383838,0.755373,0.469194,0.466127
59,4,1.385905,0.755342,0.471009,0.467291
59,5,1.384807,0.757963,0.470350,0.468655
59,6,1.371403,0.758800,0.475538,0.465141
59,7,1.378229,0.752972,0.471336,0.467522
59,8,1.375877,0.760320,0.473629,0.466391
59,9,1.375087,0.761389,0.472601,0.468622
59,10,1.367191,0.760687,0.473729,0.464392
59,11,1.363089,0.759352,0.473472,0.463154
59,12,1.379014,0.758583,0.471376,0.465837
59,13,1.375690,0.758345,0.472538,0.463355
59,14,1.371909,0.755120,0.474513,0.469227
59,15,1.371508,0.753368,0.474185,0.471180
59,16,1.385256,0.754367,0.470247,0.468633
59,17,1.377268,0.756887,0.469019,0.466286
59,18,1.372330,0.757382,0.469783,0.466884
59,19,1.391659,0.748454,0.466556,0.468646
59,20,1.392383,0.740156,0.470380,0.471764
59,21,1.383104,0.728878,0.478711,0.476183
59,22,1.370262,0.727739,0.488148,0.480152
59,23,1.366218,0.722791,0.492265,0.483285
59,24,1.379722,0.720896,0.489481,0.484863
59,25,1.377080,0.718302,0.492747,0.486271
59,26,1.381045,0.720598,0.494979,0.490506
59,27,1.380190,0.726358,0.494928,0.491406
59,28,1.374007,0.733642,0.492795,0.486710
59,29,1.390026,0.735656,0.483870,0.482006
59,30,1.400869,0.734082,0.479039,0.485211
59,31,1.382407,0.735263,0.483674,0.486022
59,32,1.385675,0.744053,0.477311,0.483874
59,33,1.397840,0.759802,0.466835,0.476982
59,34,1.381778,0.772450,0.466204,0.465055
59,35,1.379055,0.777183,0.463049,0.458583
59,36,1.374092,0.779550,0.463075,0.458344
59,37,1.371702,0.779068,0.460743,0.455874
59,38,1.384961,0.773848,0.461615,0.455921
59,39,1.377489,0.766550,0.462586,0.456517
59,40,1.390750,0.765160,0.463925,0.458674
59,41,1.370664,0.758436,0.468773,0.462783
59,42,1.376166,0.757273,0.471385,0.465102
59,43,1.398990,0.740171,0.468137,0.470449
59,44,1.392896,0.730746,0.474538,0.474283
59,45,1.375845,0.726097,0.480065,0.478936
59,46,1.391943,0.723875,0.476935,0.482184
59,47,1.384983,0.721575,0.482151,0.482808
59,48,1.396930,0.718747,0.478350,0.484259
59,49,1.383003,0.717028,0.487921,0.486196
60,1,1.373569,0.713953,0.494183,0.487694
60,2,1.370020,0.714037,0.499855,0.488846
60,3,1.378734,0.710005,0.495948,0.489685
60,4,1.369014,0.707657,0.504395,0.490559
60,5,1.369912,0.712062,0.503329,0.492574
60,6,1.366889,0.712347,0.504654,0.491717
60,7,1.367250,0.709865,0.503289,0.491666
60,8,1.375055,0.709510,0.504439,0.494624
60,9,1.381263,0.709161,0.496048,0.492687
60,10,1.371739,0.719153,0.498964,0.490601
60,11,1.381662,0.725421,0.489967,0.489070
60,12,1.368263,0.729635,0.493965,0.483462
60,13,1.365597,0.737173,0.491551,0.478025
60,14,1.374994,0.736565,0.486475,0.477945
60,15,1.362932,0.745493,0.490926,0.478941
60,16,1.369606,0.746833,0.485379,0.473331
60,17,1.376427,0.746848,0.480740,0.473310
60,18,1.375013,0.736560,0.484378,0.476517
60,19,1.382046,0.742296,0.482167,0.482643
60,20,1.375102,0.749012,0.480225,0.483257
60,21,1.387249,0.764392,0.472106,0.474052
60,22,1.378821,0.785281,0.469492,0.467408
60,23,1.380005,0.789803,0.462985,0.457455
60,24,1.369699,0.790173,0.459015,0.453123
60,25,1.385820,0.784112,0.457773,0.451181
60,26,1.383368,0.780461,0.458498,0.452894
60,27,1.384124,0.767114,0.461055,0.459265
60,28,1.390944,0.752629,0.461197,0.464216
60,29,1.386588,0.747543,0.467511,0.466632
60,30,1.389066,0.740159,0.472079,0.470825
60,31,1.385404,0.734490,0.473542,0.473749
60,32,1.378848,0.734242,0.478867,0.476399
60,33,1.374730,0.732800,0.478213,0.478048
60,34,1.373765,0.735364,0.481254,0.477818
60,35,1.377337,0.732656,0.482714,0.476146
60,36,1.370397,0.735075,0.483838,0.476782
60,37,1.375725,0.737110,0.481885,0.476872
60,38,1.371457,0.735566,0.484459,0.475291
60,39,1.363688,0.730668,0.490823,0.476064
60,40,1.355331,0.729133,0.499026,0.481340
60,41,1.370791,0.737150,0.495367,0.486141
60,42,1.374709,0.746825,0.491366,0.484730
60,43,1.359721,0.753320,0.495188,0.475054
60,44,1.395820,0.742980,0.476144,0.475501
60,45,1.386335,0.750906,0.474293,0.481214
60,46,1.393299,0.760507,0.462873,0.470820
60,47,1.377461,0.771692,0.467812,0.467643
60,48,1.375498,0.780866,0.462641,0.459492
60,49,1.373537,0.786483,0.456858,0.455912
61,1,1.370831,0.791319,0.455170,0.448866
61,2,1.386495,0.787882,0.448591,0.448626
61,3,1.381985,0.788638,0.451921,0.449119
61,4,1.372023,0.779571,0.453058,0.449855
61,5,1.400143,0.768249,0.456584,0.454671
61,6,1.379893,0.762546,0.462349,0.459436
61,7,1.377152,0.757246,0.463649,0.461039
61,8,1.372356,0.762882,0.467385,0.462281
61,9,1.376779,0.758847,0.467264,0.461917
61,10,1.377364,0.758490,0.470149,0.463717
61,11,1.378966,0.755017,0.470423,0.464332
61,12,1.383251,0.752344,0.470448,0.466084
61,13,1.366722,0.748636,0.477721,0.468545
61,14,1.364153,0.748527,0.476122,0.470564
61,15,1.383896,0.739841,0.476220,0.470921
61,16,1.364205,0.736743,0.481120,0.474481
61,17,1.391570,0.730323,0.477026,0.478237
61,18,1.384969,0.726002,0.481655,0.478703
61,19,1.379339,0.719886,0.485830,0.481327
61,20,1.363384,0.720345,0.497313,0.483202
61,21,1.369745,0.719728,0.499471,0.487171
61,22,1.364890,0.721559,0.504915,0.488820
61,23,1.359173,0.729283,0.499888,0.485807
61,24,1.374550,0.721979,0.493284,0.486276
61,25,1.380862,0.719348,0.494934,0.490673
61,26,1.375869,0.722161,0.499953,0.495110
61,27,1.363135,0.726971,0.502672,0.488925
61,28,1.388008,0.736872,0.488851,0.490686
61,29,1.378976,0.741193,0.486384,0.478976
61,30,1.384281,0.762618,0.471483,0.477698
61,31,1.382969,0.784127,0.465530,0.465715
61,32,1.365771,0.790842,0.461267,0.452088
61,33,1.389717,0.794412,0.452358,0.446088
61,34,1.390831,0.791962,0.453039,0.445686
61,35,1.376400,0.777957,0.458366,0.451703
61,36,1.387345,0.768427,0.460625,0.458124
61,37,1.373891,0.756609,0.464284,0.463378
61,38,1.380452,0.754553,0.469402,0.467955
61,39,1.391696,0.746766,0.468572,0.470742
61,40,1.381503,0.745819,0.471757,0.471191
61,41,1.387180,0.741396,0.470913,0.473008
61,42,1.384172,0.739454,0.474214,0.474352
61,43,1.390917,0.733035,0.476238,0.477333
61,44,1.372243,0.733416,0.482280,0.479552
61,45,1.384712,0.724139,0.481303,0.480533
61,46,1.390509,0.720984,0.484395,0.487545
61,47,1.388754,0.731506,0.483561,0.484076
61,48,1.384065,0.734936,0.480130,0.480211
61,49,1.376626,0.742592,0.480555,0.476122
62,1,1.374892,0.753596,0.484710,0.472000
62,2,1.362263,0.759042,0.479034,0.467892
62,3,1.362574,0.764373,0.480357,0.463669
62,4,1.332034,0.765994,0.490134,0.462108
62,5,1.334687,0.753155,0.497831,0.461607
62,6,1.330052,0.736945,0.509988,0.475228
62,7,1.366919,0.734893,0.512167,0.497410
62,8,1.372581,0.713171,0.509024,0.502232
62,9,1.415138,0.739530,0.497882,0.507082
62,10,1.402943,0.757997,0.478530,0.492411
62,11,1.385321,0.786669,0.465511,0.471571
62,12,1.377500,0.812876,0.464238,0.457942
62,13,1.351357,0.818778,0.455565,0.444120
62,14,1.382527,0.808599,0.444039,0.440717
62,15,1.385265,0.789708,0.452325,0.445690
62,16,1.366243,0.779686,0.452670,0.448871
62,17,1.383032,0.776035,0.456218,0.455554
62,18,1.389361,0.759431,0.460804,0.460223
62,19,1.373700,0.766521,0.464975,0.464622
62,20,1.378720,0.759844,0.470129,0.465587
62,21,1.365738,0.755868,0.473994,0.470756
62,22,1.375932,0.752686,0.475667,0.470475
62,23,1.404117,0.746806,0.468798,0.479746
62,24,1.383427,0.759947,0.470698,0.478650
62,25,1.394822,0.765244,0.466896,0.467379
62,26,1.391317,0.765664,0.462087,0.463366
62,27,1.391520,0.758488,0.465725,0.462527
62,28,1.369520,0.751126,0.470641,0.466207
62,29,1.372816,0.756626,0.471065,0.466366
62,30,1.381426,0.754396,0.472959,0.469241
62,31,1.370834,0.758486,0.480249,0.468113
62,32,1.373957,0.761883,0.472373,0.464857
62,33,1.373268,0.764125,0.470948,0.465091
62,34,1.401124,0.769694,0.461678,0.463610
62,35,1.384941,0.766323,0.462684,0.461377
62,36,1.360639,0.769374,0.466684,0.460058
62,37,1.359640,0.775638,0.462270,0.457159
62,38,1.383173,0.768549,0.461041,0.455235
62,39,1.384577,0.767398,0.465453,0.456696
62,40,1.375438,0.771726,0.465089,0.460620
62,41,1.364136,0.772255,0.468578,0.457524
62,42,1.365968,0.781211,0.465243,0.455169
62,43,1.360392,0.781569,0.465215,0.456582
62,44,1.362291,0.787247,0.463093,0.455012
62,45,1.374501,0.785222,0.458591,0.448866
62,46,1.385694,0.778666,0.457086,0.448693
62,47,1.377796,0.779054,0.458543,0.454975
62,48,1.360172,0.770592,0.470672,0.455006
62,49,1.373827,0.763569,0.471420,0.458848
63,1,1.390004,0.749761,0.470814,0.468787
63,2,1.373658,0.740055,0.478453,0.474607
63,3,1.377940,0.748691,0.484523,0.480287
63,4,1.373130,0.748098,0.477096,0.472564
63,5,1.373954,0.752838,0.479510,0.476565
63,6,1.405886,0.745874,0.466164,0.473824
63,7,1.382279,0.749805,0.473919,0.472190
63,8,1.374935,0.751845,0.475728,0.468351
63,9,1.377543,0.745333,0.475651,0.468698
63,10,1.379528,0.751602,0.479369,0.471631
63,11,1.372594,0.743907,0.480360,0.469847
63,12,1.376450,0.749268,0.477355,0.470687
63,13,1.380955,0.745831,0.475772,0.472362
63,14,1.378857,0.747039,0.474652,0.474840
63,15,1.383267,0.749124,0.476894,0.474656
63,16,1.386032,0.745597,0.471685,0.475018
63,17,1.377835,0.749220,0.472795,0.476968
63,18,1.387879,0.747745,0.474152,0.470906
63,19,1.383667,0.741768,0.480800,0.471695
63,20,1.358464,0.740980,0.487625,0.473485
63,21,1.355206,0.746187,0.494298,0.474568
63,22,1.355066,0.739668,0.495313,0.477019
63,23,1.300741,0.732592,0.540823,0.479910
63,24,1.311912,0.718751,0.546288,0.490793
63,25,1.415056,0.726589,0.533349,0.527432
63,26,1.414324,0.730416,0.497697,0.513280
63,27,1.395797,0.741212,0.496866,0.495529
63,28,1.389521,0.740691,0.484122,0.481158
63,29,1.358895,0.741688,0.495247,0.480345
63,30,1.356827,0.740231,0.496969,0.478585
63,31,1.378341,0.747636,0.491485,0.484163
63,32,1.394330,0.748530,0.479717,0.492538
63,33,1.414679,0.756220,0.471929,0.486891
63,34,1.437490,0.757373,0.460592,0.490758
63,35,1.430459,0.762564,0.456556,0.483355
63,36,1.398322,0.778990,0.457771,0.465282
63,37,1.370759,0.785223,0.458676,0.455888
63,38,1.363195,0.787027,0.460046,0.455411
63,39,1.388437,0.790702,0.456935,0.455304
63,40,1.373466,0.788093,0.455766,0.455894
63,41,1.390350,0.773324,0.456803,0.457762
63,42,1.403670,0.759750,0.458194,0.464457
63,43,1.402186,0.758225,0.457819,0.469233
63,44,1.380651,0.768974,0.461627,0.467103
63,45,1.390693,0.791536,0.459569,0.457780
63,46,1.358919,0.826906,0.462057,0.446299
63,47,1.352149,0.853552,0.459424,0.435423
63,48,1.336081,0.844818,0.460157,0.433706
63,49,1.379980,0.800906,0.454327,0.446926
64,1,1.391409,0.765884,0.452931,0.460034
64,2,1.405573,0.748727,0.453768,0.465674
64,3,1.412423,0.744630,0.455514,0.468406
64,4,1.401828,0.740869,0.460676,0.471391
64,5,1.394230,0.741418,0.465410,0.472356
64,6,1.389134,0.743377,0.467182,0.472825
64,7,1.386869,0.745481,0.469171,0.471474
64,8,1.384250,0.751705,0.470403,0.468504
64,9,1.381705,0.754287,0.469653,0.467079
64,10,1.366890,0.759951,0.470115,0.464937
64,11,1.379587,0.762101,0.471009,0.463612
64,12,1.371347,0.763542,0.469213,0.463052
64,13,1.384094,0.759317,0.467841,0.463311
64,14,1.368230,0.757643,0.466209,0.464507
64,15,1.374874,0.754487,0.466755,0.465791
64,16,1.390961,0.755496,0.463183,0.465188
64,17,1.391447,0.750825,0.465864,0.465420
64,18,1.379966,0.750968,0.467530,0.466939
64,19,1.386711,0.749237,0.466745,0.466470
64,20,1.389996,0.747873,0.469708,0.467402
64,21,1.387392,0.745876,0.467461,0.467687
64,22,1.378223,0.746808,0.468962,0.468452
64,23,1.381853,0.745702,0.470348,0.468422
64,24,1.382631,0.745983,0.469573,0.467844
64,25,1.380884,0.748002,0.470813,0.468712
64,26,1.377066,0.744400,0.473987,0.469773
64,27,1.366562,0.743193,0.473010,0.470816
64,28,1.379984,0.746228,0.471787,0.470236
64,29,1.378719,0.746526,0.472947,0.469680
64,30,1.385590,0.742552,0.469904,0.470472
64,31,1.382941,0.742851,0.469537,0.470877
64,32,1.378014,0.740919,0.472199,0.472549
64,33,1.399732,0.740884,0.471806,0.471999
64,34,1.388683,0.734403,0.472905,0.473194
64,35,1.382119,0.733297,0.476160,0.475842
64,36,1.376748,0.734803,0.478953,0.475929
64,37,1.384391,0.733551,0.476586,0.476587
64,38,1.385581,0.735977,0.475805,0.477319
64,39,1.380805,0.736269,0.478457,0.476528
64,40,1.382306,0.737908,0.476523,0.475150
64,41,1.376645,0.740989,0.475809,0.474395
64,42,1.381654,0.740131,0.475396,0.472349
64,43,1.372869,0.741794,0.479603,0.473500
64,44,1.376388,0.741578,0.478432,0.472273
64,45,1.386061,0.742900,0.476267,0.472054
64,46,1.370663,0.740882,0.478641,0.473759
64,47,1.388314,0.738145,0.476987,0.474118
64,48,1.374933,0.741706,0.477618,0.474570
64,49,1.377073,0.733604,0.481852,0.473782
65,1,1.386798,0.734803,0.479837,0.478732
65,2,1.383688,0.735884,0.476962,0.477455
65,3,1.380546,0.731217,0.480823,0.477817
65,4,1.383322,0.738105,0.480384,0.479240
65,5,1.377953,0.738039,0.479416,0.477361
65,6,1.372681,0.736641,0.481328,0.477869
65,7,1.381738,0.738859,0.477220,0.476624
65,8,1.376983,0.736312,0.479804,0.477965
65,9,1.375107,0.740832,0.476448,0.475393
65,10,1.376790,0.741498,0.478102,0.474911
65,11,1.378048,0.743595,0.477492,0.471762
65,12,1.373601,0.742925,0.475910,0.473116
65,13,1.381786,0.741308,0.475885,0.474047
65,14,1.381966,0.741066,0.476945,0.475116
65,15,1.386637,0.742337,0.475090,0.472783
65,16,1.388691,0.743033,0.476475,0.474613
65,17,1.382691,0.744314,0.475194,0.471095
65,18,1.370030,0.750164,0.478071,0.471437
65,19,1.368478,0.749455,0.477721,0.468450
65,20,1.367013,0.746210,0.475201,0.468608
65,21,1.374415,0.740394,0.476821,0.471488
65,22,1.378796,0.739728,0.474838,0.473399
65,23,1.381801,0.739254,0.475700,0.474392
65,24,1.381614,0.738508,0.473900,0.475205
65,25,1.377827,0.739494,0.477071,0.475389
65,26,1.385385,0.733373,0.478096,0.474769
65,27,1.388353,0.729437,0.476178,0.477110
65,28,1.381347,0.728231,0.481617,0.478355
65,29,1.381924,0.727366,0.483375,0.481033
65,30,1.370219,0.726168,0.484195,0.479410
65,31,1.379591,0.731706,0.485203,0.481319
65,32,1.377942,0.732869,0.486285,0.480789
65,33,1.381264,0.729589,0.484571,0.479874
65,34,1.376221,0.731881,0.483217,0.480787
65,35,1.379408,0.735996,0.479689,0.478527
65,36,1.383096,0.739240,0.480931,0.476196
65,37,1.389760,0.741494,0.476033,0.475980
65,38,1.384391,0.738044,0.477556,0.473569
65,39,1.372312,0.740822,0.476463,0.473246
65,40,1.378617,0.743622,0.475161,0.471802
65,41,1.381410,0.742674,0.473683,0.471177
65,42,1.380640,0.744180,0.475597,0.471710
65,43,1.378155,0.750543,0.471416,0.469966
65,44,1.385860,0.746156,0.471478,0.469763
65,45,1.367245,0.750002,0.473783,0.468099
65,46,1.388457,0.748994,0.470329,0.467742
65,47,1.370267,0.750765,0.471427,0.467250
65,48,1.369993,0.754421,0.474209,0.468188
65,49,1.379281,0.750811,0.470597,0.467295
66,1,1.373195,0.752376,0.470876,0.466138
66,2,1.370416,0.747299,0.474171,0.465816
66,3,1.381617,0.741078,0.473979,0.466698
66,4,1.383588,0.731557,0.479206,0.474678
66,5,1.371559,0.728195,0.485702,0.477568
66,6,1.381696,0.732051,0.482525,0.480004
66,7,1.373985,0.741344,0.482217,0.479735
66,8,1.380494,0.744071,0.479520,0.473954
66,9,1.383232,0.740768,0.476417,0.474073
66,10,1.357302,0.745850,0.485140,0.473396
66,11,1.372217,0.748514,0.476638,0.471715
66,12,1.379216,0.754828,0.475785,0.469729
66,13,1.370799,0.748370,0.471752,0.466991
66,14,1.371085,0.743261,0.478500,0.469941
66,15,1.358772,0.739884,0.489319,0.474826
66,16,1.366419,0.738435,0.485092,0.478017
66,17,1.375800,0.745431,0.487558,0.480156
66,18,1.367155,0.740764,0.486909,0.477671
66,19,1.365405,0.739486,0.489522,0.480165
66,20,1.385957,0.757082,0.481058,0.480169
66,21,1.398174,0.760421,0.466055,0.471069
66,22,1.389322,0.753193,0.466652,0.465820
66,23,1.372898,0.754200,0.473203,0.466839
66,24,1.365320,0.754485,0.478573,0.467438
66,25,1.372198,0.759900,0.476203,0.470663
66,26,1.376334,0.763994,0.474128,0.466991
66,27,1.375771,0.772860,0.468519,0.468677
66,28,1.365823,0.775794,0.474007,0.459663
66,29,1.366366,0.780342,0.467508,0.463047
66,30,1.368402,0.779609,0.464901,0.454674
66,31,1.374115,0.778387,0.464021,0.457377
66,32,1.362353,0.782300,0.465959,0.456774
66,33,1.369397,0.778409,0.462988,0.454213
66,34,1.355272,0.789450,0.464495,0.453495
66,35,1.351968,0.796884,0.461235,0.447512
66,36,1.366741,0.795878,0.454066,0.447681
66,37,1.367431,0.792496,0.458380,0.449029
66,38,1.377032,0.774738,0.457432,0.452615
66,39,1.381299,0.757172,0.466321,0.460055
66,40,1.374248,0.753495,0.473980,0.473964
66,41,1.388254,0.752897,0.475969,0.472076
66,42,1.374447,0.745818,0.476054,0.471580
66,43,1.370496,0.751316,0.485575,0.471934
66,44,1.360279,0.765914,0.491782,0.475920
66,45,1.337120,0.764002,0.494888,0.463681
66,46,1.370287,0.760369,0.491350,0.482196
66,47,1.408456,0.748453,0.476496,0.484291
66,48,1.413844,0.748804,0.464012,0.481716
66,49,1.442571,0.757704,0.453506,0.480443
67,1,1.408241,0.779393,0.454907,0.464711
67,2,1.390882,0.786561,0.454493,0.454254
67,3,1.369792,0.790827,0.457013,0.448653
67,4,1.378700,0.793489,0.456375,0.449111
67,5,1.376621,0.785253,0.457091,0.447879
67,6,1.351008,0.791794,0.459878,0.448779
67,7,1.375468,0.795945,0.458919,0.449963
67,8,1.370011,0.794183,0.451190,0.447926
67,9,1.361073,0.785159,0.454342,0.450059
67,10,1.373649,0.793784,0.452235,0.449614
67,11,1.376553,0.788689,0.452448,0.447647
67,12,1.381587,0.784396,0.453177,0.449754
67,13,1.390780,0.773266,0.452194,0.455261
67,14,1.378406,0.767995,0.454553,0.456300
67,15,1.392010,0.764704,0.455820,0.460294
67,16,1.382579,0.760099,0.458759,0.463699
67,17,1.384138,0.755850,0.458295,0.465080
67,18,1.408787,0.749830,0.460141,0.467837
67,19,1.409399,0.742182,0.466412,0.471919
67,20,1.374312,0.732187,0.479306,0.475353
67,21,1.377520,0.729763,0.486349,0.478445
67,22,1.368478,0.725711,0.493398,0.482114
67,23,1.377460,0.708636,0.491360,0.486380
67,24,1.383547,0.710977,0.501331,0.494252
67,25,1.376510,0.713542,0.505054,0.497744
67,26,1.381932,0.715805,0.510217,0.502322
67,27,1.369814,0.713895,0.517492,0.505004
67,28,1.387981,0.731505,0.501537,0.499396
67,29,1.380213,0.745347,0.485761,0.483689
67,30,1.384886,0.774114,0.472422,0.472253
67,31,1.382712,0.785774,0.466739,0.456937
67,32,1.341140,0.794435,0.461701,0.448380
67,33,1.364888,0.807450,0.455822,0.442149
67,34,1.370212,0.813078,0.453499,0.437310
67,35,1.360987,0.816213,0.447733,0.436690
67,36,1.371812,0.824582,0.449033,0.431131
67,37,1.370891,0.813492,0.450966,0.434773
67,38,1.371203,0.805066,0.449746,0.438595
67,39,1.362675,0.801166,0.461786,0.443304
67,40,1.376533,0.785051,0.458650,0.449761
67,41,1.399474,0.771081,0.453764,0.457267
67,42,1.392379,0.756731,0.463476,0.465187
67,43,1.387749,0.744698,0.465154,0.471553
67,44,1.387220,0.737212,0.467978,0.474673
67,45,1.399046,0.733947,0.469484,0.479868
67,46,1.394469,0.730120,0.473080,0.479687
67,47,1.391596,0.729011,0.475168,0.479600
67,48,1.384988,0.732806,0.475223,0.480846
67,49,1.389111,0.733392,0.477376,0.477907
68,1,1.387540,0.735636,0.478269,0.478698
68,2,1.373971,0.741252,0.479162,0.478052
68,3,1.362612,0.750617,0.481369,0.472668
68,4,1.363055,0.757696,0.482766,0.470552
68,5,1.353867,0.762714,0.482461,0.464370
68,6,1.344103,0.766956,0.485461,0.462079
68,7,1.352356,0.764662,0.491959,0.464192
68,8,1.369163,0.752053,0.490741,0.472019
68,9,1.365370,0.752875,0.485803,0.475822
68,10,1.374762,0.747293,0.488324,0.480984
68,11,1.381549,0.731309,0.482498,0.481410
68,12,1.392601,0.725137,0.492553,0.491018
68,13,1.383255,0.751419,0.492070,0.493392
68,14,1.381007,0.782369,0.482981,0.479061
68,15,1.367550,0.801119,0.469699,0.457084
68,16,1.380755,0.806207,0.462803,0.447418
68,17,1.373285,0.781979,0.463123,0.453216
68,18,1.374772,0.774358,0.471515,0.456960
68,19,1.366394,0.752151,0.474658,0.464644
68,20,1.387409,0.721692,0.479771,0.473356
68,21,1.372346,0.722432,0.498477,0.489926
68,22,1.383562,0.714555,0.499488,0.494010
68,23,1.389887,0.726624,0.500008,0.500082
68,24,1.380776,0.739531,0.485780,0.482834
68,25,1.393765,0.761099,0.474914,0.480069
68,26,1.371620,0.773403,0.473275,0.465348
68,27,1.364442,0.782082,0.473737,0.458253
68,28,1.364954,0.782678,0.469574,0.454842
68,29,1.363958,0.781636,0.467898,0.453553
68,30,1.370418,0.773282,0.466849,0.454966
68,31,1.382672,0.766440,0.465608,0.457341
68,32,1.385047,0.766992,0.466418,0.466959
68,33,1.387847,0.756332,0.466117,0.471189
68,34,1.362898,0.757736,0.467464,0.466104
68,35,1.395960,0.756439,0.462456,0.466868
68,36,1.390655,0.752588,0.463492,0.465972
68,37,1.389423,0.756409,0.465664,0.470218
68,38,1.404549,0.749064,0.463878,0.468807
68,39,1.387687,0.748904,0.467990,0.469121
68,40,1.396807,0.747315,0.466725,0.470988
68,41,1.397274,0.739860,0.466574,0.469942
68,42,1.385809,0.745650,0.468695,0.472566
68,43,1.391381,0.741014,0.472541,0.471016
68,44,1.387416,0.743741,0.473742,0.472152
68,45,1.390418,0.736455,0.471616,0.474363
68,46,1.392046,0.734307,0.474154,0.474952
68,47,1.390675,0.730785,0.476530,0.477204
68,48,1.378225,0.732917,0.479195,0.478529
68,49,1.382903,0.728516,0.475417,0.478908
69,1,1.387417,0.731259,0.478551,0.478737
69,2,1.388284,0.728125,0.480067,0.478897
69,3,1.386441,0.728234,0.479392,0.479539
69,4,1.378264,0.727685,0.481887,0.479865
69,5,1.378017,0.723680,0.482311,0.480342
69,6,1.379650,0.724607,0.483361,0.481943
69,7,1.377045,0.725206,0.484729,0.481792
69,8,1.375851,0.725306,0.488436,0.480300
69,9,1.378641,0.723482,0.485846,0.481880
69,10,1.368060,0.722180,0.491771,0.483271
69,11,1.371566,0.719335,0.491716,0.482906
69,12,1.369264,0.714044,0.495918,0.485671
69,13,1.367704,0.711647,0.497270,0.487043
69,14,1.376907,0.707350,0.502455,0.493244
69,15,1.388103,0.701041,0.501475,0.496470
69,16,1.386870,0.696969,0.503130,0.501673
69,17,1.384076,0.702284,0.505027,0.502244
69,18,1.385740,0.707169,0.499514,0.499969
69,19,1.373292,0.712792,0.503246,0.496174
69,20,1.379251,0.718262,0.495800,0.491234
69,21,1.383659,0.726733,0.487540,0.487395
69,22,1.371329,0.727012,0.493252,0.485055
69,23,1.381419,0.729639,0.486213,0.482168
69,24,1.382805,0.737879,0.481266,0.483101
69,25,1.359035,0.744080,0.482964,0.474434
69,26,1.364676,0.759907,0.478773,0.470551
69,27,1.370832,0.759084,0.475378,0.462393
69,28,1.369684,0.755631,0.473263,0.462188
69,29,1.381574,0.760577,0.469853,0.465818
69,30,1.363031,0.764043,0.471751,0.466397
69,31,1.361954,0.780299,0.467027,0.459890
69,32,1.381097,0.782050,0.462011,0.449387
69,33,1.384802,0.769067,0.460252,0.454910
69,34,1.374925,0.768571,0.464040,0.458114
69,35,1.373161,0.771915,0.465570,0.461349
69,36,1.369742,0.764002,0.468608,0.462051
69,37,1.389049,0.754949,0.466014,0.463723
69,38,1.383498,0.750160,0.469162,0.463937
69,39,1.384741,0.750706,0.470907,0.469483
69,40,1.374056,0.748857,0.476050,0.469960
69,41,1.368613,0.758696,0.471573,0.469283
69,42,1.376814,0.759355,0.470336,0.467370
69,43,1.358247,0.764146,0.470164,0.462286
69,44,1.374840,0.766135,0.466268,0.460546
69,45,1.376825,0.763163,0.466312,0.460558
69,46,1.383291,0.753216,0.465503,0.463003
69,47,1.383163,0.752573,0.467785,0.466315
69,48,1.380738,0.746482,0.471651,0.467775
69,49,1.377161,0.747542,0.475503,0.471484
70,1,1.375154,0.743673,0.473790,0.472518
70,2,1.376123,0.740550,0.476707,0.472260
70,3,1.388327,0.740358,0.474822,0.473132
70,4,1.379336,0.736489,0.478105,0.475057
70,5,1.381500,0.733263,0.478877,0.476025
70,6,1.368661,0.732310,0.485838,0.477519
70,7,1.382870,0.732987,0.478370,0.479969
70,8,1.376217,0.731748,0.483293,0.478503
70,9,1.382710,0.730646,0.478780,0.477515
70,10,1.374799,0.729368,0.485133,0.478240
70,11,1.373226,0.726691,0.491663,0.482776
70,12,1.388207,0.730539,0.483711,0.485594
70,13,1.372373,0.731611,0.488573,0.480821
70,14,1.371183,0.734702,0.484320,0.479254
70,15,1.382024,0.738245,0.481293,0.480748
70,16,1.384587,0.742448,0.479082,0.474085
70,17,1.390555,0.733014,0.477280,0.475824
70,18,1.383624,0.729519,0.482424,0.478639
70,19,1.367752,0.734860,0.486569,0.481893
70,20,1.381463,0.740051,0.483027,0.478720
70,21,1.386138,0.738658,0.481918,0.475360
70,22,1.379744,0.742719,0.476605,0.471234
70,23,1.371559,0.744828,0.479945,0.473169
70,24,1.372712,0.754581,0.476818,0.468459
70,25,1.364010,0.752192,0.478133,0.470001
70,26,1.367160,0.746126,0.476487,0.466228
70,27,1.372542,0.751725,0.476818,0.468510
70,28,1.369898,0.746685,0.479378,0.471037
70,29,1.366081,0.744559,0.480249,0.472740
70,30,1.385452,0.739912,0.479343,0.473957
70,31,1.372779,0.742019,0.482441,0.476361
70,32,1.358180,0.739776,0.485644,0.471246
70,33,1.354455,0.741054,0.486042,0.470726
70,34,1.374216,0.744297,0.483467,0.480415
70,35,1.385248,0.751953,0.475350,0.476496
70,36,1.383353,0.742632,0.475379,0.472565
70,37,1.396765,0.739366,0.473511,0.475235
70,38,1.381887,0.744053,0.481362,0.480942
70,39,1.385665,0.744666,0.478667,0.474007
70,40,1.385084,0.745585,0.473499,0.472208
70,41,1.377157,0.756259,0.475504,0.473681
70,42,1.379101,0.759748,0.469712,0.469441
70,43,1.383889,0.763388,0.464517,0.467158
70,44,1.385681,0.769444,0.467225,0.459694
70,45,1.376443,0.765465,0.465899,0.461017
70,46,1.387156,0.767113,0.464809,0.461244
70,47,1.370431,0.765600,0.463748,0.459346
70,48,1.383106,0.759911,0.460440,0.459170
70,49,1.382093,0.759662,0.465133,0.464874
71,1,1.394431,0.751931,0.465494,0.466956
71,2,1.383966,0.747028,0.467923,0.469741
71,3,1.378124,0.740859,0.475216,0.472152
71,4,1.388698,0.738457,0.473482,0.476380
71,5,1.397433,0.733218,0.472475,0.478525
71,6,1.381889,0.734240,0.476655,0.476816
71,7,1.381699,0.737387,0.479330,0.476924
71,8,1.380972,0.734763,0.481045,0.478060
71,9,1.384091,0.737288,0.481060,0.477721
71,10,1.382214,0.745202,0.475936,0.475910
71,11,1.365617,0.749055,0.479023,0.473024
71,12,1.374313,0.749092,0.476131,0.469263
71,13,1.371076,0.753868,0.471622,0.466743
71,14,1.376499,0.752764,0.475097,0.465893
71,15,1.367237,0.740456,0.478890,0.470317
71,16,1.363074,0.750291,0.480317,0.469774
71,17,1.376130,0.740320,0.480342,0.471649
71,18,1.390856,0.736959,0.478692,0.473416
71,19,1.389145,0.735114,0.477767,0.480561
71,20,1.367964,0.739637,0.489437,0.477945
71,21,1.361333,0.744215,0.486759,0.474731
71,22,1.363158,0.736415,0.487338,0.473261
71,23,1.376164,0.733167,0.483467,0.478120
71,24,1.354259,0.735316,0.492842,0.477582
71,25,1.367059,0.741855,0.490074,0.479158
71,26,1.380591,0.733802,0.483410,0.477382
71,27,1.383572,0.733623,0.479828,0.476958
71,28,1.381261,0.738662,0.486312,0.486960
71,29,1.404777,0.740299,0.477849,0.490019
71,30,1.398715,0.760648,0.470876,0.484333
71,31,1.400576,0.771641,0.458595,0.469795
71,32,1.382820,0.780628,0.453407,0.454719
71,33,1.392478,0.781194,0.449028,0.454848
71,34,1.387977,0.772316,0.455072,0.453853
71,35,1.382215,0.768770,0.455591,0.456762
71,36,1.399064,0.764997,0.455683,0.459818
71,37,1.376828,0.755274,0.460811,0.461927
71,38,1.385737,0.753066,0.464197,0.463242
71,39,1.391270,0.754517,0.463857,0.464769
71,40,1.371647,0.750446,0.470474,0.466254
71,41,1.382955,0.752914,0.468330,0.468605
71,42,1.369520,0.753646,0.472427,0.465771
71,43,1.368344,0.750655,0.475817,0.467969
71,44,1.368808,0.746964,0.475496,0.469265
71,45,1.371534,0.742674,0.476466,0.473334
71,46,1.385640,0.738229,0.474927,0.474014
71,47,1.370584,0.742019,0.480432,0.475368
71,48,1.383260,0.741849,0.470489,0.476352
71,49,1.383310,0.743807,0.472036,0.472075
72,1,1.387141,0.741871,0.472970,0.471821
72,2,1.365745,0.745285,0.477360,0.470681
72,3,1.382456,0.747409,0.474193,0.473413
72,4,1.374573,0.753929,0.473703,0.471681
72,5,1.370393,0.753499,0.473439,0.468546
72,6,1.390172,0.750815,0.473763,0.470758
72,7,1.373421,0.749784,0.475687,0.471344
72,8,1.382331,0.748578,0.473384,0.470348
72,9,1.388545,0.744320,0.469107,0.470887
72,10,1.396327,0.741325,0.473088,0.474646
72,11,1.385389,0.741468,0.472645,0.473940
72,12,1.388238,0.749506,0.470113,0.472537
72,13,1.393989,0.757919,0.468783,0.468923
72,14,1.374958,0.760234,0.469347,0.467080
72,15,1.386909,0.759794,0.468048,0.465038
72,16,1.383769,0.754197,0.467672,0.465179
72,17,1.379012,0.758487,0.470449,0.463466
72,18,1.376998,0.749124,0.471131,0.466298
72,19,1.375521,0.748278,0.474587,0.467767
72,20,1.377983,0.749953,0.475490,0.471344
72,21,1.370224,0.752755,0.474313,0.470849
72,22,1.379102,0.757123,0.475530,0.467944
72,23,1.377791,0.754612,0.472876,0.467946
72,24,1.386298,0.746033,0.472634,0.466123
72,25,1.370331,0.748695,0.479368,0.472895
72,26,1.364713,0.755208,0.480584,0.474977
72,27,1.383694,0.744839,0.472768,0.472586
72,28,1.379325,0.744071,0.478216,0.477153
72,29,1.391768,0.737074,0.476192,0.478631
72,30,1.385466,0.730278,0.478763,0.478968
72,31,1.391038,0.731022,0.474537,0.481911
72,32,1.383867,0.733120,0.480576,0.481660
72,33,1.390318,0.739922,0.478098,0.481941
72,34,1.383954,0.746015,0.479103,0.476756
72,35,1.380506,0.747941,0.475757,0.475302
72,36,1.376676,0.750600,0.476098,0.471458
72,37,1.382439,0.743879,0.474446,0.471983
72,38,1.376805,0.746125,0.475278,0.473529
72,39,1.391294,0.745888,0.475953,0.475409
72,40,1.377378,0.743412,0.475830,0.472162
72,41,1.391219,0.743676,0.473271,0.475668
72,42,1.386350,0.741908,0.472688,0.473208
72,43,1.379695,0.744934,0.476981,0.473754
72,44,1.382699,0.746454,0.474073,0.473404
72,45,1.369410,0.746522,0.474005,0.469807
72,46,1.388022,0.747945,0.471452,0.470379
72,47,1.375134,0.752953,0.471055,0.468151
72,48,1.380999,0.753562,0.472365,0.469047
72,49,1.371905,0.752993,0.471134,0.465616
73,1,1.385834,0.758568,0.469121,0.465322
73,2,1.385362,0.757413,0.467965,0.464721
73,3,1.371106,0.760615,0.471480,0.464913
73,4,1.355194,0.765985,0.470018,0.461975
73,5,1.368671,0.766393,0.467861,0.461007
73,6,1.380203,0.763755,0.466096,0.459493
73,7,1.366412,0.766714,0.466147,0.461874
73,8,1.374160,0.762439,0.464848,0.459799
73,9,1.368170,0.763327,0.464865,0.461606
73,10,1.378759,0.757526,0.463982,0.462282
73,11,1.390561,0.753882,0.462733,0.465636
73,12,1.373977,0.750191,0.469362,0.469010
73,13,1.389425,0.744221,0.470844,0.470137
73,14,1.383688,0.733739,0.475190,0.473534
73,15,1.375962,0.729429,0.483711,0.477707
73,16,1.376986,0.722151,0.487445,0.480364
73,17,1.370791,0.717823,0.493940,0.484498
73,18,1.381015,0.717127,0.489486,0.488461
73,19,1.383496,0.719365,0.494321,0.492942
73,20,1.396993,0.722431,0.494564,0.494356
73,21,1.385244,0.730701,0.485509,0.486454
73,22,1.372097,0.744508,0.482059,0.476229
73,23,1.382341,0.740582,0.479361,0.475677
73,24,1.369950,0.745489,0.480073,0.474976
73,25,1.385408,0.746379,0.475830,0.472595
73,26,1.374365,0.744669,0.480606,0.471003
73,27,1.376653,0.741480,0.479555,0.472520
73,28,1.374539,0.743235,0.483141,0.474958
73,29,1.370680,0.732837,0.487427,0.475876
73,30,1.379591,0.733171,0.486476,0.480765
73,31,1.370529,0.739394,0.488956,0.481969
73,32,1.384709,0.741539,0.484102,0.480939
73,33,1.379008,0.751619,0.479609,0.478208
73,34,1.370878,0.760219,0.477128,0.471529
73,35,1.384521,0.771635,0.471175,0.469044
73,36,1.390961,0.761422,0.467221,0.466550
73,37,1.380313,0.755177,0.466888,0.466126
73,38,1.395224,0.755236,0.462327,0.467175
73,39,1.399577,0.753465,0.464091,0.467336
73,40,1.380711,0.745401,0.471535,0.471449
73,41,1.376298,0.751047,0.472099,0.471934
73,42,1.392699,0.747125,0.466726,0.468227
73,43,1.373145,0.754405,0.470871,0.469607
73,44,1.382510,0.749981,0.469564,0.466920
73,45,1.393998,0.747480,0.464806,0.468336
73,46,1.388402,0.742665,0.469806,0.469419
73,47,1.376149,0.746537,0.471803,0.472356
73,48,1.385996,0.745942,0.470738,0.470768
73,49,1.383906,0.740991,0.473416,0.470546
74,1,1.376641,0.740901,0.474638,0.471688
74,2,1.374292,0.745291,0.474249,0.472888
74,3,1.387782,0.744326,0.472210,0.470290
74,4,1.387934,0.739005,0.471381,0.471718
74,5,1.379570,0.737852,0.476336,0.474810
74,6,1.377445,0.734498,0.480226,0.476079
74,7,1.386858,0.731021,0.478864,0.477718
74,8,1.378558,0.729369,0.480099,0.478391
74,9,1.379558,0.729259,0.483128,0.478348
74,10,1.383838,0.727965,0.479601,0.479751
74,11,1.373870,0.722762,0.487875,0.481659
74,12,1.377767,0.717481,0.487888,0.483465
74,13,1.386412,0.718991,0.483678,0.486767
74,14,1.391982,0.717844,0.484030,0.487358
74,15,1.383522,0.716526,0.488926,0.487252
74,16,1.395930,0.717100,0.484289,0.488981
74,17,1.396881,0.722324,0.480289,0.489365
74,18,1.392717,0.731039,0.480191,0.484276
74,19,1.388757,0.739624,0.478655,0.479010
74,20,1.383945,0.745902,0.475399,0.472997
74,21,1.375871,0.756647,0.474547,0.470560
74,22,1.380652,0.764242,0.470704,0.465965
74,23,1.374853,0.771768,0.467698,0.460547
74,24,1.373430,0.779682,0.465672,0.457705
74,25,1.378795,0.777069,0.462851,0.455814
74,26,1.369466,0.779234,0.466681,0.454112
74,27,1.354659,0.788924,0.465115,0.452992
74,28,1.363602,0.792447,0.460779,0.449204
74,29,1.371033,0.793836,0.456639,0.449363
74,30,1.385247,0.783536,0.454738,0.448975
74,31,1.358454,0.781604,0.461370,0.453924
74,32,1.374012,0.771643,0.461489,0.455608
74,33,1.399746,0.754109,0.464482,0.461241
74,34,1.380550,0.739009,0.466517,0.471635
74,35,1.387818,0.733251,0.474866,0.476808
74,36,1.373594,0.730648,0.481004,0.477832
74,37,1.385681,0.731675,0.476299,0.479693
74,38,1.380492,0.730658,0.483337,0.479471
74,39,1.383227,0.725325,0.481859,0.480333
74,40,1.370614,0.723450,0.491793,0.482675
74,41,1.381707,0.719106,0.487436,0.484430
74,42,1.366568,0.719291,0.499752,0.490226
74,43,1.365355,0.713655,0.508600,0.494152
74,44,1.390115,0.698515,0.495165,0.497746
74,45,1.395405,0.696374,0.499069,0.506704
74,46,1.400001,0.718763,0.500436,0.508235
74,47,1.395012,0.751250,0.488962,0.493805
74,48,1.378397,0.757655,0.481880,0.473591
74,49,1.371302,0.763152,0.478207,0.468283
75,1,1.379826,0.753850,0.474108,0.467595
75,2,1.372875,0.770432,0.472283,0.464744
75,3,1.384413,0.767297,0.476080,0.470715
75,4,1.383316,0.778592,0.471050,0.467590
75,5,1.412581,0.772664,0.454146,0.465676
75,6,1.389886,0.775076,0.457661,0.456609
75,7,1.387479,0.780463,0.455586,0.456703
75,8,1.377871,0.780810,0.457173,0.456313
75,9,1.387154,0.765179,0.456606,0.456969
75,10,1.372868,0.769022,0.466762,0.459159
75,11,1.393094,0.761452,0.463516,0.459659
75,12,1.393145,0.752625,0.462501,0.466136
75,13,1.383806,0.745023,0.460863,0.472734
75,14,1.402933,0.734668,0.466689,0.473617
75,15,1.386305,0.735391,0.472911,0.476596
75,16,1.385593,0.732391,0.476538,0.478381
75,17,1.383832,0.732118,0.478616,0.478497
75,18,1.377786,0.729443,0.481400,0.478483
75,19,1.372974,0.733019,0.485131,0.478442
75,20,1.375148,0.731733,0.484233,0.479802
75,21,1.363013,0.732436,0.487901,0.477363
75,22,1.372262,0.734276,0.485872,0.477874
75,23,1.360849,0.736051,0.492733,0.478603
75,24,1.350093,0.732893,0.502273,0.477922
75,25,1.356702,0.732263,0.501819,0.481594
75,26,1.371387,0.734142,0.500345,0.486924
75,27,1.388676,0.717319,0.501682,0.493510
75,28,1.378503,0.723732,0.504182,0.496100
75,29,1.376876,0.730160,0.499028,0.491074
75,30,1.374034,0.748534,0.486872,0.481574
75,31,1.379060,0.748792,0.482592,0.477148
75,32,1.381697,0.751188,0.481350,0.478284
75,33,1.381280,0.743145,0.478083,0.475290
75,34,1.378729,0.740167,0.478489,0.475448
75,35,1.383446,0.748612,0.475856,0.477815
75,36,1.387398,0.757191,0.471845,0.474467
75,37,1.373273,0.771380,0.470517,0.465930
75,38,1.368726,0.781959,0.465006,0.459084
75,39,1.365399,0.797227,0.460227,0.451399
75,40,1.370163,0.800040,0.459290,0.449635
75,41,1.372044,0.800893,0.456748,0.446951
75,42,1.373803,0.797580,0.450271,0.447242
75,43,1.379342,0.787760,0.452548,0.450844
75,44,1.404099,0.773854,0.451088,0.454278
75,45,1.396529,0.766714,0.454471,0.461099
75,46,1.411127,0.756438,0.457587,0.470348
75,47,1.397406,0.749996,0.461119,0.473710
75,48,1.403636,0.759257,0.464627,0.473787
75,49,1.378229,0.774953,0.468260,0.464898
76,1,1.361831,0.794536,0.469659,0.456224
76,2,1.342419,0.803953,0.468831,0.450635
76,3,1.361273,0.798480,0.468470,0.449592
76,4,1.361490,0.779712,0.468275,0.457019
76,5,1.365198,0.759978,0.478074,0.467481
76,6,1.385325,0.739487,0.475932,0.475076
76,7,1.387174,0.736487,0.478892,0.478988
76,8,1.386001,0.730900,0.481988,0.478374
76,9,1.389168,0.726737,0.481658,0.483919
76,10,1.390784,0.720636,0.486586,0.488423
76,11,1.392724,0.718528,0.491852,0.492533
76,12,1.396882,0.718013,0.483610,0.490187
76,13,1.389538,0.719541,0.485988,0.489665
76,14,1.392279,0.724284,0.484077,0.490399
76,15,1.405321,0.726839,0.475736,0.483771
76,16,1.391709,0.738699,0.475942,0.481977
76,17,1.396485,0.743508,0.470267,0.474981
76,18,1.389880,0.746986,0.470010,0.471044
76,19,1.368360,0.755236,0.469345,0.468526
76,20,1.379601,0.756608,0.467803,0.463083
76,21,1.383486,0.756513,0.465215,0.463849
76,22,1.356742,0.771135,0.467023,0.462608
76,23,1.386580,0.772277,0.462107,0.457919
76,24,1.373618,0.772762,0.464634,0.456555
76,25,1.363523,0.773066,0.459283,0.454621
76,26,1.380391,0.776542,0.455522,0.455922
76,27,1.378765,0.773941,0.454325,0.454274
76,28,1.394374,0.770310,0.458121,0.462210
76,29,1.390243,0.762148,0.456219,0.461265
76,30,1.394287,0.762398,0.459480,0.463806
76,31,1.380733,0.760485,0.460825,0.463446
76,32,1.397573,0.759195,0.460961,0.462375
76,33,1.385784,0.755827,0.463364,0.462251
76,34,1.386390,0.752266,0.463733,0.464810
76,35,1.386890,0.743859,0.468992,0.467069
76,36,1.380487,0.742068,0.472076,0.470259
76,37,1.376439,0.739557,0.474216,0.472721
76,38,1.382017,0.737870,0.474733,0.475090
76,39,1.377964,0.736593,0.479063,0.475717
76,40,1.372585,0.735569,0.479858,0.474473
76,41,1.379625,0.729721,0.482411,0.476637
76,42,1.379516,0.729402,0.482722,0.477746
76,43,1.381758,0.726263,0.484815,0.480197
76,44,1.382005,0.727309,0.483992,0.481257
76,45,1.382833,0.723831,0.484376,0.482981
76,46,1.383230,0.730006,0.483694,0.482459
76,47,1.385795,0.732834,0.481203,0.480189
76,48,1.379379,0.734147,0.481862,0.479091
76,49,1.379973,0.736073,0.481074,0.478543
77,1,1.377499,0.734391,0.480663,0.476974
77,2,1.375128,0.738075,0.477907,0.476091
77,3,1.377078,0.741461,0.477078,0.474626
77,4,1.377560,0.744445,0.473605,0.472664
77,5,1.369732,0.748431,0.473149,0.470377
77,6,1.376697,0.757299,0.470676,0.468749
77,7,1.377547,0.762680,0.465407,0.464926
77,8,1.376907,0.765955,0.466166,0.459065
77,9,1.380651,0.765540,0.465730,0.459106
77,10,1.363667,0.770663,0.463620,0.458973
77,11,1.370717,0.775858,0.462706,0.455524
77,12,1.386945,0.767907,0.458144,0.459426
77,13,1.395541,0.759751,0.461605,0.461175
77,14,1.387223,0.749034,0.464312,0.464846
77,15,1.385735,0.743016,0.466940,0.467949
77,16,1.384209,0.737279,0.475403,0.472506
77,17,1.380250,0.734298,0.478440,0.476674
77,18,1.376849,0.733885,0.485525,0.478385
77,19,1.372455,0.731536,0.485231,0.476649
77,20,1.383836,0.722644,0.482934,0.479632
77,21,1.385365,0.720734,0.484401,0.484448
77,22,1.386939,0.722862,0.483619,0.485498
77,23,1.378230,0.720152,0.489167,0.485782
77,24,1.384062,0.724424,0.482966,0.484101
77,25,1.380276,0.732295,0.484450,0.481863
77,26,1.384174,0.738541,0.480498,0.476997
77,27,1.372551,0.739460,0.478986,0.473209
77,28,1.383596,0.739536,0.475742,0.474578
77,29,1.374361,0.745006,0.476638,0.472000
77,30,1.378618,0.746705,0.474272,0.471142
77,31,1.379619,0.746248,0.472989,0.469934
77,32,1.375502,0.748215,0.474102,0.470288
77,33,1.375859,0.746812,0.474182,0.470018
77,34,1.373342,0.744146,0.477083,0.468905
77,35,1.370090,0.738846,0.475604,0.469443
77,36,1.379250,0.740432,0.477082,0.475831
77,37,1.376776,0.739656,0.475171,0.472628
77,38,1.388353,0.745103,0.476419,0.476992
77,39,1.382281,0.749815,0.474860,0.475329
77,40,1.372960,0.753667,0.469758,0.467647
77,41,1.347271,0.772965,0.469668,0.462592
77,42,1.368111,0.784162,0.460598,0.455315
77,43,1.394591,0.774104,0.456213,0.454519
77,44,1.375325,0.772359,0.458250,0.454492
77,45,1.388106,0.757374,0.459537,0.458019
77,46,1.386031,0.751397,0.459053,0.461721
77,47,1.386369,0.748082,0.465354,0.466089
77,48,1.393141,0.742078,0.466241,0.469577
77,49,1.386091,0.741617,0.472122,0.473364
78,1,1.393063,0.738491,0.471682,0.473054
78,2,1.387019,0.736219,0.474154,0.474912
78,3,1.394374,0.734760,0.476559,0.477674
78,4,1.390330,0.730208,0.475840,0.476828
78,5,1.379786,0.728264,0.481281,0.480265
78,6,1.380697,0.732044,0.486167,0.481412
78,7,1.377039,0.733136,0.484296,0.479611
78,8,1.379985,0.738656,0.478176,0.476903
78,9,1.388739,0.738777,0.474879,0.473730
78,10,1.376884,0.742440,0.476338,0.472793
78,11,1.367982,0.747785,0.478124,0.471142
78,12,1.385951,0.741583,0.475300,0.470820
78,13,1.370608,0.744249,0.479386,0.472261
78,14,1.375294,0.743854,0.476619,0.472469
78,15,1.376450,0.741402,0.477304,0.470389
78,16,1.374945,0.742080,0.480500,0.471866
78,17,1.373817,0.738127,0.478280,0.471065
78,18,1.373157,0.743079,0.478320,0.473140
78,19,1.381418,0.736722,0.479462,0.473353
78,20,1.369902,0.739621,0.479997,0.475295
78,21,1.367650,0.746471,0.479166,0.477298
78,22,1.380338,0.742999,0.475035,0.471334
78,23,1.384438,0.743853,0.472626,0.472790
78,24,1.382887,0.746809,0.474599,0.475014
78,25,1.383672,0.738251,0.470441,0.472302
78,26,1.387874,0.744234,0.466859,0.474114
78,27,1.389140,0.743498,0.467766,0.472738
78,28,1.390896,0.745765,0.469852,0.471950
78,29,1.372694,0.747429,0.472265,0.471251
78,30,1.391610,0.745183,0.469041,0.470569
78,31,1.382666,0.744451,0.468908,0.470839
78,32,1.386845,0.745598,0.472404,0.470681
78,33,1.371202,0.739912,0.475799,0.471240
78,34,1.388230,0.739925,0.474655,0.472277
78,35,1.381032,0.739504,0.477228,0.474794
78,36,1.373580,0.736463,0.477087,0.474022
78,37,1.378384,0.738625,0.477661,0.474920
78,38,1.384822,0.738594,0.477640,0.474989
78,39,1.384436,0.737004,0.483462,0.477148
78,40,1.374941,0.734147,0.484395,0.477135
78,41,1.382168,0.732481,0.483128,0.478615
78,42,1.366167,0.734358,0.488647,0.478088
78,43,1.382700,0.737478,0.481952,0.478664
78,44,1.376358,0.735426,0.481050,0.478475
78,45,1.383435,0.731955,0.485886,0.478674
78,46,1.384347,0.734661,0.480296,0.481420
78,47,1.385740,0.731098,0.482224,0.479953
78,48,1.388679,0.735565,0.479865,0.480797
78,49,1.378936,0.738498,0.478590,0.477974
79,1,1.387412,0.735444,0.479812,0.475979
79,2,1.376443,0.739299,0.483235,0.477446
79,3,1.375370,0.748083,0.479816,0.473861
79,4,1.349904,0.754210,0.484343,0.471041
79,5,1.372398,0.761751,0.478112,0.467425
79,6,1.368880,0.758440,0.480297,0.468483
79,7,1.368578,0.756862,0.482271,0.473951
79,8,1.372140,0.748949,0.483003,0.472994
79,9,1.383516,0.751517,0.477690,0.480405
79,10,1.400413,0.757439,0.469234,0.478950
79,11,1.410575,0.753404,0.460143,0.468745
79,12,1.383568,0.763766,0.468213,0.467149
79,13,1.402089,0.768306,0.458070,0.464907
79,14,1.393449,0.771794,0.460933,0.461817
79,15,1.358534,0.771585,0.464523,0.458535
79,16,1.375679,0.782675,0.462846,0.457674
79,17,1.363812,0.791152,0.461401,0.451534
79,18,1.365077,0.795331,0.461133,0.447146
79,19,1.361183,0.796968,0.456392,0.445746
79,20,1.364660,0.805227,0.451761,0.446365
79,21,1.387768,0.796696,0.445658,0.442715
79,22,1.373712,0.779698,0.449897,0.451203
79,23,1.378012,0.772553,0.456184,0.453879
79,24,1.365649,0.765774,0.458583,0.459175
79,25,1.379814,0.761719,0.461605,0.462166
79,26,1.395501,0.756962,0.460183,0.462919
79,27,1.381154,0.751325,0.466667,0.467729
79,28,1.388677,0.748681,0.468238,0.468312
79,29,1.386834,0.749172,0.468344,0.471366
79,30,1.391201,0.749115,0.472364,0.471350
79,31,1.387280,0.745629,0.470748,0.471599
79,32,1.374782,0.749097,0.475189,0.471603
79,33,1.378213,0.758985,0.475925,0.471007
79,34,1.371110,0.759211,0.476234,0.467050
79,35,1.365517,0.764678,0.479163,0.466448
79,36,1.347819,0.770166,0.479772,0.462287
79,37,1.379894,0.765194,0.476267,0.464741
79,38,1.389348,0.754719,0.474365,0.471334
79,39,1.369888,0.767992,0.475650,0.470905
79,40,1.386582,0.760009,0.469845,0.467409
79,41,1.399759,0.756302,0.467810,0.470918
79,42,1.379298,0.759983,0.470010,0.472498
79,43,1.373369,0.761789,0.467713,0.467410
79,44,1.385376,0.770254,0.463270,0.461389
79,45,1.384643,0.773788,0.464202,0.461604
79,46,1.385470,0.762654,0.461584,0.459952
79,47,1.371137,0.758391,0.469048,0.465021
79,48,1.394228,0.749680,0.463942,0.468260
79,49,1.412751,0.734705,0.467711,0.471237
80,1,1.382471,0.728838,0.478302,0.479829
80,2,1.402685,0.725647,0.475074,0.484635
80,3,1.390842,0.721812,0.481244,0.488221
80,4,1.391104,0.724317,0.483075,0.487411
80,5,1.387987,0.731731,0.481597,0.483607
80,6,1.386071,0.736971,0.480343,0.482104
80,7,1.383457,0.744609,0.476398,0.479830
80,8,1.376027,0.757110,0.471566,0.470063
80,9,1.380679,0.766190,0.469863,0.466192
80,10,1.361222,0.766241,0.468111,0.461964
80,11,1.391475,0.760563,0.464834,0.461511
80,12,1.379078,0.755834,0.469566,0.463805
80,13,1.364508,0.753026,0.472254,0.464929
80,14,1.404877,0.746958,0.468921,0.466151
80,15,1.379399,0.741318,0.469771,0.470967
80,16,1.371518,0.742782,0.474469,0.473881
80,17,1.369424,0.740601,0.480826,0.470699
80,18,1.385031,0.739998,0.472990,0.472589
80,19,1.362895,0.741844,0.483754,0.472683
80,20,1.370728,0.739511,0.482947,0.474265
80,21,1.399213,0.736696,0.476236,0.474531
80,22,1.371964,0.738599,0.482155,0.478993
80,23,1.382475,0.742371,0.477083,0.475283
80,24,1.396317,0.741896,0.473155,0.475895
80,25,1.367256,0.746714,0.481427,0.473072
80,26,1.368150,0.747784,0.478443,0.472061
80,27,1.366385,0.753717,0.480286,0.469245
80,28,1.364961,0.757007,0.473756,0.470109
80,29,1.378827,0.759921,0.468819,0.465522
80,30,1.386902,0.758319,0.467843,0.465691
80,31,1.388867,0.755529,0.465728,0.466641
80,32,1.383642,0.748923,0.470157,0.467723
80,33,1.374677,0.753988,0.470760,0.468365
80,34,1.387678,0.750443,0.469497,0.468476
80,35,1.375639,0.747581,0.466694,0.468177
80,36,1.374061,0.754316,0.473525,0.469523
80,37,1.375334,0.753826,0.469818,0.468641
80,38,1.376075,0.756390,0.467526,0.467095
80,39,1.382212,0.756492,0.468720,0.465650
80,40,1.367996,0.754396,0.469415,0.466014
80,41,1.378540,0.755028,0.468009,0.466587
80,42,1.381428,0.754510,0.468000,0.464986
80,43,1.383079,0.756915,0.469570,0.467380
80,44,1.389775,0.750619,0.468315,0.468708
80,45,1.385272,0.748495,0.468808,0.467892
80,46,1.381075,0.749834,0.468444,0.470297
80,47,1.384665,0.750752,0.466674,0.470444
80,48,1.375435,0.755644,0.469024,0.464928
80,49,1.392416,0.750466,0.465602,0.464274
81,1,1.378543,0.750477,0.467271,0.466076
81,2,1.377670,0.753792,0.469235,0.464839
81,3,1.364662,0.749476,0.472726,0.465573
81,4,1.370435,0.752799,0.472370,0.467536
81,5,1.371866,0.754803,0.469524,0.465566
81,6,1.367314,0.757993,0.473837,0.463940
81,7,1.368233,0.752424,0.473960,0.466647
81,8,1.372472,0.743863,0.473266,0.466698
81,9,1.385406,0.741827,0.474476,0.472470
81,10,1.389817,0.737236,0.476771,0.476704
81,11,1.391317,0.737322,0.476583,0.480180
81,12,1.392130,0.735469,0.478714,0.478470
81,13,1.385262,0.739268,0.476756,0.477782
81,14,1.378602,0.750724,0.476452,0.475125
81,15,1.365616,0.752344,0.478789,0.471661
81,16,1.366789,0.759658,0.477423,0.470330
81,17,1.371014,0.762390,0.472454,0.463825
81,18,1.360389,0.770963,0.469857,0.461307
81,19,1.379054,0.770452,0.467880,0.459273
81,20,1.379006,0.763734,0.469975,0.461927
81,21,1.388574,0.750835,0.465864,0.464130
81,22,1.374770,0.738579,0.477359,0.471231
81,23,1.370479,0.726013,0.484648,0.477424
81,24,1.380186,0.719067,0.484830,0.482443
81,25,1.388396,0.704305,0.485108,0.490358
81,26,1.397631,0.704804,0.490133,0.496168
81,27,1.398188,0.707489,0.490269,0.497716
81,28,1.397441,0.714006,0.489191,0.494301
81,29,1.400309,0.718911,0.483447,0.491368
81,30,1.391125,0.723357,0.484464,0.485780
81,31,1.386381,0.724908,0.484986,0.486809
81,32,1.377375,0.730810,0.486001,0.482128
81,33,1.372839,0.738235,0.484864,0.480543
81,34,1.377213,0.740391,0.483701,0.476494
81,35,1.363252,0.741593,0.490974,0.479295
81,36,1.369523,0.741614,0.486899,0.479775
81,37,1.370956,0.752133,0.486508,0.478609
81,38,1.377912,0.739020,0.487321,0.476285
81,39,1.374383,0.732312,0.488490,0.481433
81,40,1.399688,0.725191,0.480100,0.485211
81,41,1.383592,0.738827,0.485035,0.487865
81,42,1.386733,0.748140,0.479245,0.479038
81,43,1.399308,0.748532,0.467201,0.471448
81,44,1.390938,0.752976,0.468478,0.470443
81,45,1.399274,0.754246,0.468630,0.469441
81,46,1.382583,0.750738,0.471926,0.470653
81,47,1.386856,0.754848,0.470949,0.470621
81,48,1.371003,0.762466,0.473047,0.466998
81,49,1.368091,0.774364,0.470213,0.461642
82,1,1.370705,0.776486,0.466900,0.457071
82,2,1.366002,0.778863,0.467759,0.453578
82,3,1.359119,0.778677,0.465232,0.451263
82,4,1.376359,0.780042,0.461801,0.451926
82,5,1.365648,0.772165,0.463825,0.453448
82,6,1.387290,0.764533,0.461398,0.459179
82,7,1.378518,0.755327,0.466558,0.460641
82,8,1.387226,0.744538,0.467296,0.466831
82,9,1.378012,0.742414,0.469938,0.470546
82,10,1.386742,0.741855,0.472285,0.471963
82,11,1.391930,0.739134,0.473386,0.474053
82,12,1.387189,0.731843,0.474719,0.475663
82,13,1.388310,0.732324,0.476530,0.476535
82,14,1.380414,0.732078,0.479558,0.477163
82,15,1.377815,0.734702,0.478816,0.477917
82,16,1.379305,0.735731,0.479527,0.476360
82,17,1.377672,0.739313,0.477660,0.475627
82,18,1.383387,0.735216,0.476997,0.478294
82,19,1.378754,0.732298,0.481860,0.476203
82,20,1.380536,0.730229,0.480149,0.479403
82,21,1.394875,0.727241,0.479776,0.481522
82,22,1.388074,0.727595,0.483610,0.481703
82,23,1.379619,0.724541,0.486329,0.483287
82,24,1.381825,0.727394,0.487639,0.485750
82,25,1.375244,0.729672,0.487520,0.482610
82,26,1.386478,0.735004,0.484065,0.480692
82,27,1.373531,0.734382,0.486464,0.477231
82,28,1.377636,0.739414,0.482633,0.478038
82,29,1.380410,0.739372,0.484000,0.476371
82,30,1.376686,0.736222,0.483098,0.476466
82,31,1.376690,0.742969,0.480221,0.477906
82,32,1.372375,0.757603,0.480490,0.470413
82,33,1.368963,0.763065,0.473113,0.465003
82,34,1.381236,0.758941,0.469838,0.465374
82,35,1.376173,0.755387,0.470059,0.467128
82,36,1.364106,0.762249,0.476320,0.466907
82,37,1.380922,0.754021,0.472909,0.465742
82,38,1.374138,0.744030,0.480355,0.471105
82,39,1.391600,0.731397,0.474407,0.478097
82,40,1.385545,0.712657,0.486617,0.484104
82,41,1.383346,0.706744,0.494889,0.493781
82,42,1.397624,0.705014,0.493417,0.498300
82,43,1.394438,0.712209,0.496805,0.498594
82,44,1.380442,0.720021,0.498937,0.495046
82,45,1.385962,0.729600,0.492012,0.491144
82,46,1.381222,0.736190,0.485325,0.484490
82,47,1.384812,0.736765,0.481397,0.480229
82,48,1.385253,0.743049,0.480379,0.480042
82,49,1.377609,0.740156,0.474455,0.474477
83,1,1.384416,0.746102,0.475237,0.474390
83,2,1.382946,0.747279,0.474778,0.474497
83,3,1.383609,0.745468,0.473972,0.469243
83,4,1.376544,0.747955,0.475390,0.471472
83,5,1.373312,0.750631,0.473891,0.472130
83,6,1.384544,0.747142,0.473712,0.469096
83,7,1.370955,0.749430,0.474999,0.471833
83,8,1.370511,0.749792,0.476556,0.470062
83,9,1.364847,0.750674,0.477719,0.466739
83,10,1.367729,0.753600,0.478989,0.467557
83,11,1.370871,0.749195,0.479432,0.468412
83,12,1.363422,0.747317,0.484302,0.472180
83,13,1.370240,0.742964,0.482914,0.474697
83,14,1.392126,0.734214,0.479167,0.477107
83,15,1.395079,0.727247,0.476469,0.480831
83,16,1.386151,0.720587,0.486541,0.485817
83,17,1.391747,0.722194,0.481426,0.487500
83,18,1.394138,0.724289,0.481618,0.486642
83,19,1.387559,0.725001,0.484305,0.485327
83,20,1.381217,0.726276,0.487054,0.485427
83,21,1.376908,0.735712,0.484094,0.480327
83,22,1.377959,0.741929,0.483183,0.477684
83,23,1.381207,0.740085,0.479083,0.474573
83,24,1.388497,0.733034,0.478609,0.475261
83,25,1.375751,0.736048,0.481501,0.478129
83,26,1.385894,0.738190,0.479622,0.476680
83,27,1.377407,0.733923,0.484269,0.477175
83,28,1.380750,0.728462,0.480970,0.478444
83,29,1.384494,0.723158,0.481871,0.481643
83,30,1.382841,0.727372,0.482985,0.484318
83,31,1.377843,0.734208,0.481078,0.479147
83,32,1.385189,0.738997,0.480122,0.478484
83,33,1.376719,0.743525,0.477051,0.474339
83,34,1.372812,0.746549,0.477298,0.472752
83,35,1.378110,0.760132,0.471276,0.468571
83,36,1.369181,0.756837,0.473363,0.466729
83,37,1.380660,0.773841,0.466296,0.465990
83,38,1.381307,0.772581,0.454497,0.458446
83,39,1.372952,0.774100,0.461669,0.460893
83,40,1.401396,0.765795,0.452919,0.462061
83,41,1.394734,0.755687,0.458560,0.464797
83,42,1.387555,0.751270,0.463697,0.466171
83,43,1.381911,0.751019,0.466091,0.469072
83,44,1.398824,0.748913,0.465678,0.468691
83,45,1.382015,0.743039,0.470568,0.472155
83,46,1.386504,0.739962,0.474164,0.473119
83,47,1.388397,0.738229,0.473427,0.471770
83,48,1.383043,0.739306,0.476523,0.475636
83,49,1.379131,0.737424,0.480689,0.474770
84,1,1.375386,0.735195,0.482065,0.475936
84,2,1.375954,0.735357,0.483582,0.476113
84,3,1.367034,0.731444,0.487390,0.476993
84,4,1.373352,0.731468,0.484975,0.478200
84,5,1.372849,0.731031,0.485952,0.478081
84,6,1.363550,0.731575,0.491557,0.479160
84,7,1.375072,0.729996,0.484216,0.482069
84,8,1.360446,0.737012,0.491675,0.484179
84,9,1.359768,0.738500,0.486919,0.479210
84,10,1.396755,0.744999,0.475170,0.479409
84,11,1.384660,0.750907,0.469713,0.473469
84,12,1.383099,0.759762,0.468893,0.467132
84,13,1.389297,0.759219,0.466907,0.464542
84,14,1.374868,0.762208,0.465202,0.462336
84,15,1.378750,0.766058,0.467555,0.462135
84,16,1.378134,0.767363,0.466176,0.460119
84,17,1.361390,0.768766,0.467826,0.460074
84,18,1.376122,0.773466,0.463235,0.461188
84,19,1.365948,0.774629,0.464828,0.457312
84,20,1.373123,0.770528,0.466354,0.459369
84,21,1.400652,0.762431,0.457785,0.459138
84,22,1.405704,0.743662,0.458690,0.465429
84,23,1.394361,0.735909,0.470189,0.473166
84,24,1.395784,0.727939,0.470148,0.478217
84,25,1.392204,0.727180,0.476745,0.480365
84,26,1.382527,0.729259,0.479777,0.482349
84,27,1.386118,0.731201,0.480610,0.479771
84,28,1.375385,0.737133,0.481784,0.478100
84,29,1.366321,0.747038,0.482631,0.477651
84,30,1.360165,0.757762,0.478889,0.469893
84,31,1.379410,0.756496,0.472090,0.466339
84,32,1.379754,0.751085,0.473771,0.468291
84,33,1.386291,0.743960,0.470563,0.470691
84,34,1.399850,0.728043,0.475854,0.477542
84,35,1.395025,0.715678,0.481683,0.484571
84,36,1.389138,0.716271,0.488400,0.489861
84,37,1.386906,0.710753,0.489634,0.490491
84,38,1.384037,0.709715,0.494890,0.492983
84,39,1.376670,0.709445,0.496218,0.491533
84,40,1.381395,0.710119,0.497805,0.493137
84,41,1.368057,0.709696,0.500918,0.492591
84,42,1.371413,0.718512,0.499823,0.492097
84,43,1.369805,0.709898,0.503824,0.492576
84,44,1.387716,0.712621,0.498937,0.498605
84,45,1.389812,0.723868,0.492801,0.495090
84,46,1.385850,0.744173,0.482943,0.481631
84,47,1.378528,0.757715,0.477713,0.474017
84,48,1.366886,0.779121,0.473647,0.466661
84,49,1.360332,0.790350,0.467819,0.457843
85,1,1.370531,0.788831,0.465399,0.453992
85,2,1.377550,0.781307,0.460829,0.456912
85,3,1.388186,0.783840,0.451440,0.454130
85,4,1.390831,0.783991,0.450323,0.454794
85,5,1.377338,0.787075,0.453745,0.450856
85,6,1.394063,0.778549,0.449026,0.450775
85,7,1.380395,0.782794,0.449656,0.449019
85,8,1.371576,0.791246,0.453826,0.450449
85,9,1.381894,0.791882,0.452213,0.448347
85,10,1.363865,0.795061,0.449233,0.444118
85,11,1.362679,0.807794,0.452139,0.444021
85,12,1.352825,0.808270,0.447011,0.441869
85,13,1.397101,0.800273,0.439519,0.437948
85,14,1.377009,0.799532,0.446146,0.442049
85,15,1.374892,0.792338,0.447363,0.445721
85,16,1.398912,0.784183,0.445574,0.445882
85,17,1.394918,0.769811,0.449830,0.449426
85,18,1.391797,0.756573,0.457009,0.457371
85,19,1.389866,0.748487,0.463047,0.463166
85,20,1.382427,0.739647,0.473211,0.471390
85,21,1.383001,0.731197,0.478428,0.475610
85,22,1.383041,0.727128,0.478584,0.478757
85,23,1.386403,0.723089,0.481509,0.482391
85,24,1.393822,0.722849,0.479220,0.483541
85,25,1.395694,0.715547,0.484164,0.486245
85,26,1.392576,0.715001,0.486040,0.489200
85,27,1.387240,0.723088,0.488100,0.488407
85,28,1.381755,0.724025,0.484553,0.485588
85,29,1.381644,0.735404,0.484771,0.482109
85,30,1.375080,0.741645,0.478685,0.477907
85,31,1.385216,0.743072,0.477234,0.473566
85,32,1.385297,0.746268,0.474091,0.472145
85,33,1.380272,0.744484,0.477129,0.471453
85,34,1.378595,0.735431,0.478391,0.473654
85,35,1.378278,0.737066,0.478357,0.475121
85,36,1.390549,0.731137,0.480098,0.476368
85,37,1.380790,0.722584,0.484222,0.480179
85,38,1.373837,0.730786,0.486075,0.483742
85,39,1.384093,0.730396,0.481180,0.479156
85,40,1.369918,0.733562,0.486366,0.478426
85,41,1.377412,0.730573,0.486225,0.478887
85,42,1.380730,0.732426,0.483523,0.479564
85,43,1.381917,0.728211,0.485816,0.477936
85,44,1.369931,0.727304,0.489746,0.482474
85,45,1.378025,0.727223,0.485958,0.484771
85,46,1.392147,0.727750,0.480488,0.485409
85,47,1.386484,0.736134,0.482511,0.482879
85,48,1.383947,0.722746,0.481659,0.479346
85,49,1.382301,0.724017,0.486203,0.483594
86,1,1.384092,0.724642,0.488009,0.485896
86,2,1.380743,0.726359,0.488267,0.485882
86,3,1.384725,0.734991,0.484655,0.482912
86,4,1.382079,0.734688,0.481522,0.480121
86,5,1.376581,0.747844,0.476805,0.475551
86,6,1.377382,0.746988,0.471907,0.470872
86,7,1.394802,0.743081,0.471119,0.470167
86,8,1.377191,0.742863,0.475410,0.470811
86,9,1.387480,0.742643,0.470536,0.472519
86,10,1.380394,0.742233,0.476146,0.474411
86,11,1.378408,0.738926,0.475794,0.474848
86,12,1.386521,0.738715,0.475661,0.474129
86,13,1.381205,0.734082,0.475460,0.474934
86,14,1.391508,0.733170,0.475629,0.475876
86,15,1.377292,0.733822,0.478727,0.477874
86,16,1.389292,0.729107,0.477919,0.477471
86,17,1.382546,0.729169,0.479293,0.480051
86,18,1.383227,0.726171,0.483615,0.480650
86,19,1.383065,0.719489,0.485175,0.481730
86,20,1.382220,0.720074,0.486819,0.485941
86,21,1.385695,0.714926,0.486889,0.485783
86,22,1.380768,0.716292,0.492755,0.488097
86,23,1.383384,0.717451,0.489722,0.488690
86,24,1.382000,0.722602,0.490817,0.489096
86,25,1.382659,0.720910,0.489027,0.485171
86,26,1.379472,0.723209,0.490343,0.487298
86,27,1.386394,0.724959,0.485821,0.485040
86,28,1.379317,0.722269,0.488954,0.484893
86,29,1.381052,0.728753,0.486031,0.485072
86,30,1.378546,0.731598,0.487082,0.483013
86,31,1.381585,0.734084,0.482789,0.480799
86,32,1.377701,0.738251,0.481521,0.477809
86,33,1.379899,0.745146,0.478882,0.476020
86,34,1.377909,0.741587,0.477415,0.473943
86,35,1.384413,0.743204,0.476530,0.473234
86,36,1.379130,0.739879,0.477259,0.472350
86,37,1.367134,0.741960,0.478093,0.473041
86,38,1.378534,0.742177,0.475770,0.472344
86,39,1.387294,0.741978,0.477958,0.473207
86,40,1.382460,0.743156,0.475753,0.473651
86,41,1.375126,0.743344,0.478056,0.470299
86,42,1.376984,0.744560,0.474099,0.472955
86,43,1.375739,0.748238,0.473961,0.470240
86,44,1.372634,0.750854,0.472239,0.468795
86,45,1.385070,0.750349,0.469471,0.467087
86,46,1.370633,0.745056,0.476153,0.469743
86,47,1.373743,0.745572,0.475677,0.468542
86,48,1.362807,0.747475,0.478009,0.471157
86,49,1.385560,0.742930,0.472887,0.471531
87,1,1.375461,0.732612,0.480626,0.472211
87,2,1.381208,0.720549,0.484952,0.479424
87,3,1.385338,0.717754,0.486737,0.488513
87,4,1.386506,0.717690,0.492309,0.492011
87,5,1.385307,0.721826,0.488453,0.489357
87,6,1.385171,0.729046,0.484305,0.485340
87,7,1.378918,0.733020,0.483162,0.480542
87,8,1.380672,0.745644,0.480629,0.479183
87,9,1.368731,0.753240,0.477335,0.472323
87,10,1.371312,0.758998,0.471499,0.466174
87,11,1.379657,0.760852,0.472034,0.462796
87,12,1.378238,0.752813,0.469460,0.465404
87,13,1.368002,0.752835,0.470875,0.469259
87,14,1.374925,0.745471,0.474568,0.469168
87,15,1.381844,0.736971,0.472994,0.471466
87,16,1.376710,0.737830,0.474423,0.476298
87,17,1.375395,0.736110,0.478124,0.475562
87,18,1.385673,0.740909,0.475899,0.475880
87,19,1.381113,0.736250,0.479659,0.474864
87,20,1.375520,0.737387,0.481255,0.477144
87,21,1.372563,0.743018,0.483201,0.474409
87,22,1.363063,0.728068,0.491547,0.475364
87,23,1.370671,0.729797,0.490792,0.479443
87,24,1.361783,0.719485,0.500150,0.485031
87,25,1.355948,0.712011,0.516328,0.493052
87,26,1.393953,0.700792,0.502563,0.505210
87,27,1.409458,0.704581,0.495610,0.507546
87,28,1.437982,0.715221,0.484714,0.506944
87,29,1.411725,0.734227,0.477998,0.493764
87,30,1.392917,0.749425,0.476531,0.481531
87,31,1.384534,0.768500,0.470596,0.471592
87,32,1.362967,0.770209,0.469846,0.462519
87,33,1.381474,0.778431,0.463843,0.455835
87,34,1.369428,0.775727,0.463653,0.456252
87,35,1.395298,0.772852,0.461028,0.455572
87,36,1.379844,0.766818,0.465988,0.461348
87,37,1.380315,0.760790,0.461754,0.462976
87,38,1.384910,0.753920,0.465123,0.465055
87,39,1.389950,0.751598,0.465932,0.464138
87,40,1.374752,0.748241,0.467334,0.468328
87,41,1.379578,0.746101,0.470839,0.468773
87,42,1.377310,0.743491,0.474146,0.470416
87,43,1.380011,0.738467,0.475041,0.472303
87,44,1.384483,0.736722,0.476467,0.475376
87,45,1.380733,0.731317,0.480228,0.477981
87,46,1.376220,0.734104,0.482101,0.479195
87,47,1.380153,0.734791,0.481657,0.481466
87,48,1.395287,0.727734,0.480471,0.481265
87,49,1.387727,0.724297,0.483591,0.482818
88,1,1.387929,0.719788,0.486537,0.487903
88,2,1.387755,0.725701,0.491154,0.490857
88,3,1.384367,0.739506,0.486204,0.488868
88,4,1.380981,0.750775,0.480612,0.478807
88,5,1.375440,0.760783,0.475627,0.471359
88,6,1.363608,0.769715,0.470486,0.460991
88,7,1.373705,0.774921,0.464970,0.459836
88,8,1.379833,0.770763,0.464142,0.458382
88,9,1.352444,0.779890,0.466701,0.457646
88,10,1.370215,0.783275,0.460147,0.456545
88,11,1.385158,0.782259,0.453262,0.454806
88,12,1.384511,0.764667,0.453062,0.452377
88,13,1.366902,0.761161,0.464080,0.459991
88,14,1.381235,0.753691,0.461990,0.464186
88,15,1.396293,0.752840,0.460871,0.464451
88,16,1.396696,0.737339,0.466384,0.470363
88,17,1.387843,0.732181,0.475014,0.475187
88,18,1.377059,0.727456,0.483107,0.477878
88,19,1.375911,0.725908,0.486357,0.479672
88,20,1.366512,0.726622,0.497026,0.482400
88,21,1.359530,0.720361,0.501621,0.483580
88,22,1.366566,0.713003,0.499087,0.488380
88,23,1.355575,0.707121,0.511116,0.490489
88,24,1.372150,0.704150,0.507443,0.500136
88,25,1.397353,0.704012,0.504026,0.506191
88,26,1.397555,0.717737,0.495286,0.500701
88,27,1.387143,0.729932,0.495422,0.495351
88,28,1.375948,0.751966,0.490645,0.482531
88,29,1.379502,0.762890,0.476006,0.470948
88,30,1.372058,0.773039,0.471984,0.461538
88,31,1.363450,0.776320,0.470177,0.458963
88,32,1.385592,0.779462,0.464561,0.456742
88,33,1.367168,0.778326,0.463320,0.457631
88,34,1.373669,0.778069,0.463854,0.456456
88,35,1.379641,0.770880,0.460854,0.454949
88,36,1.391666,0.771258,0.456203,0.458022
88,37,1.395003,0.765115,0.456558,0.458891
88,38,1.382505,0.759043,0.461420,0.460299
88,39,1.383040,0.755018,0.463851,0.465268
88,40,1.372683,0.750661,0.467068,0.465358
88,41,1.370866,0.755189,0.471583,0.465473
88,42,1.376498,0.740992,0.473035,0.468665
88,43,1.380752,0.738176,0.476215,0.472144
88,44,1.391672,0.738178,0.473594,0.477167
88,45,1.393483,0.734104,0.476715,0.479390
88,46,1.387763,0.733122,0.477227,0.479253
88,47,1.385273,0.726500,0.481705,0.480154
88,48,1.396819,0.733254,0.477977,0.481454
88,49,1.373142,0.733002,0.485440,0.479836
89,1,1.387365,0.736702,0.478311,0.477618
89,2,1.384922,0.742010,0.481590,0.478714
89,3,1.380821,0.740703,0.476373,0.477056
89,4,1.385321,0.740314,0.475328,0.477546
89,5,1.394081,0.744404,0.474564,0.475889
89,6,1.373978,0.746691,0.476100,0.474279
89,7,1.376082,0.750075,0.473420,0.470669
89,8,1.366401,0.763362,0.478710,0.465482
89,9,1.364220,0.766739,0.476518,0.462341
89,10,1.347687,0.778851,0.477731,0.457855
89,11,1.344652,0.785779,0.477930,0.456605
89,12,1.352548,0.769756,0.477375,0.456096
89,13,1.366778,0.756642,0.482288,0.470855
89,14,1.384485,0.746373,0.476181,0.479301
89,15,1.400633,0.737961,0.474398,0.481495
89,16,1.425433,0.727269,0.468214,0.488151
89,17,1.392291,0.727446,0.480496,0.487150
89,18,1.388896,0.732803,0.482276,0.484732
89,19,1.382312,0.737104,0.482199,0.480874
89,20,1.382758,0.739052,0.486572,0.482149
89,21,1.385700,0.738411,0.483215,0.482768
89,22,1.397045,0.738060,0.477917,0.483023
89,23,1.379833,0.748525,0.477053,0.481666
89,24,1.381893,0.755725,0.474698,0.469891
89,25,1.380624,0.765723,0.468436,0.468798
89,26,1.394276,0.763573,0.461384,0.463865
89,27,1.386552,0.769325,0.458860,0.459807
89,28,1.385772,0.770954,0.458422,0.461643
89,29,1.392840,0.771935,0.457254,0.456070
89,30,1.408012,0.767878,0.452594,0.459365
89,31,1.374325,0.769573,0.455261,0.459487
89,32,1.397475,0.770005,0.453880,0.456337
89,33,1.382261,0.766599,0.456817,0.456243
89,34,1.382344,0.772691,0.455304,0.454585
89,35,1.390898,0.770680,0.456767,0.456967
89,36,1.387232,0.767435,0.456528,0.456003
89,37,1.379480,0.770688,0.456263,0.455895
89,38,1.386452,0.771294,0.456615,0.457852
89,39,1.392179,0.765783,0.458198,0.456975
89,40,1.379932,0.764219,0.460781,0.458304
89,41,1.375599,0.762971,0.459621,0.459859
89,42,1.383064,0.763485,0.461388,0.460361
89,43,1.378314,0.759916,0.463362,0.461213
89,44,1.389229,0.758602,0.462482,0.461034
89,45,1.389411,0.755416,0.461996,0.462516
89,46,1.382704,0.753852,0.464942,0.463926
89,47,1.380475,0.753620,0.466436,0.464561
89,48,1.377261,0.754662,0.465959,0.464742
89,49,1.372114,0.753366,0.469776,0.465321
90,1,1.373552,0.755291,0.467293,0.464962
90,2,1.372820,0.755412,0.466296,0.464182
90,3,1.383759,0.752736,0.467790,0.464692
90,4,1.379377,0.750423,0.472193,0.466540
90,5,1.374537,0.746865,0.469253,0.468319
90,6,1.387991,0.746327,0.468848,0.469199
90,7,1.378516,0.744336,0.471863,0.470429
90,8,1.386306,0.740141,0.473007,0.471113
90,9,1.368914,0.738134,0.480409,0.473157
90,10,1.383005,0.736550,0.475477,0.473543
90,11,1.375514,0.735810,0.478715,0.474039
90,12,1.371903,0.736180,0.481505,0.474621
90,13,1.375803,0.734837,0.479732,0.475286
90,14,1.365908,0.733896,0.484576,0.476024
90,15,1.373406,0.734433,0.482369,0.477276
90,16,1.376731,0.736383,0.480010,0.477822
90,17,1.369803,0.732144,0.483616,0.476157
90,18,1.374509,0.733890,0.479936,0.476674
90,19,1.384585,0.732234,0.479899,0.479913
90,20,1.383887,0.726212,0.484004,0.481515
90,21,1.383234,0.734941,0.481731,0.480894
90,22,1.383368,0.733891,0.476802,0.477442
90,23,1.384520,0.735804,0.479866,0.476469
90,24,1.383643,0.737262,0.479954,0.476925
90,25,1.369944,0.731821,0.484240,0.475762
90,26,1.377820,0.736513,0.480400,0.477246
90,27,1.375444,0.739266,0.480737,0.476303
90,28,1.391039,0.731849,0.478940,0.476618
90,29,1.384060,0.736676,0.478894,0.475717
90,30,1.371501,0.738541,0.479579,0.477502
90,31,1.385953,0.746064,0.474149,0.473772
90,32,1.386768,0.744562,0.475055,0.473228
90,33,1.376540,0.746550,0.475143,0.472015
90,34,1.385941,0.742732,0.475201,0.471324
90,35,1.390866,0.737052,0.473307,0.472371
90,36,1.372914,0.740509,0.478222,0.473966
90,37,1.375300,0.738431,0.480781,0.474651
90,38,1.367854,0.739470,0.483065,0.473577
90,39,1.382028,0.738450,0.479661,0.472766
90,40,1.362657,0.737601,0.486159,0.473130
90,41,1.383801,0.733311,0.482885,0.478698
90,42,1.375131,0.728258,0.484862,0.479189
90,43,1.381722,0.727473,0.485116,0.482858
90,44,1.385342,0.736551,0.483199,0.483849
90,45,1.377143,0.742473,0.482433,0.480452
90,46,1.380581,0.745610,0.479956,0.472672
90,47,1.379574,0.750134,0.473856,0.471162
90,48,1.379496,0.745637,0.473649,0.469050
90,49,1.382184,0.753380,0.474626,0.470133
91,1,1.375335,0.751149,0.475225,0.469723
91,2,1.379032,0.761272,0.471523,0.470957
91,3,1.382875,0.766270,0.468112,0.464120
91,4,1.376373,0.769563,0.467797,0.463898
91,5,1.384968,0.761523,0.467085,0.463075
91,6,1.388035,0.751778,0.472106,0.466348
91,7,1.375767,0.746798,0.476513,0.471009
91,8,1.381010,0.734694,0.475728,0.474959
91,9,1.387649,0.730407,0.477799,0.478957
91,10,1.375719,0.729118,0.481147,0.478706
91,11,1.374033,0.729467,0.481969,0.477584
91,12,1.376791,0.729473,0.483553,0.479462
91,13,1.384980,0.729708,0.480790,0.479047
91,14,1.381439,0.727686,0.484449,0.479365
91,15,1.378386,0.727131,0.487086,0.481888
91,16,1.376901,0.726915,0.488742,0.483314
91,17,1.370400,0.724434,0.495561,0.483530
91,18,1.369344,0.717300,0.495658,0.485235
91,19,1.383913,0.712428,0.493291,0.489814
91,20,1.382284,0.707354,0.496466,0.495020
91,21,1.382374,0.701880,0.499288,0.495597
91,22,1.386780,0.696949,0.500001,0.502767
91,23,1.399247,0.699137,0.493712,0.501699
91,24,1.385491,0.698231,0.499559,0.498156
91,25,1.393611,0.707248,0.494910,0.499164
91,26,1.390338,0.711382,0.493814,0.494304
91,27,1.400886,0.718493,0.484711,0.492961
91,28,1.388266,0.728162,0.482708,0.486261
91,29,1.386544,0.735312,0.479682,0.482413
91,30,1.386747,0.743501,0.478663,0.475259
91,31,1.377146,0.756957,0.474985,0.470895
91,32,1.364740,0.764936,0.473276,0.467894
91,33,1.370672,0.773013,0.470310,0.462248
91,34,1.375140,0.775429,0.464839,0.456537
91,35,1.367375,0.771346,0.465844,0.455208
91,36,1.387347,0.767723,0.461919,0.457315
91,37,1.372756,0.763706,0.462535,0.462614
91,38,1.395054,0.750924,0.463960,0.462627
91,39,1.380738,0.750259,0.470106,0.467392
91,40,1.375549,0.750269,0.469160,0.468963
91,41,1.389466,0.745438,0.471970,0.471662
91,42,1.384096,0.744703,0.471728,0.469822
91,43,1.377984,0.743438,0.476171,0.472072
91,44,1.386191,0.739450,0.471873,0.472225
91,45,1.379017,0.738478,0.477093,0.473940
91,46,1.379245,0.733908,0.480366,0.476084
91,47,1.370576,0.732515,0.485297,0.478819
91,48,1.382614,0.724853,0.482980,0.478996
91,49,1.376245,0.721700,0.487363,0.484260
92,1,1.372066,0.713615,0.494997,0.484720
92,2,1.392639,0.703942,0.489954,0.493188
92,3,1.400900,0.702155,0.494532,0.502288
92,4,1.396280,0.701357,0.498173,0.503893
92,5,1.394134,0.697189,0.496194,0.500986
92,6,1.403846,0.709880,0.493453,0.503852
92,7,1.399212,0.723515,0.492721,0.496036
92,8,1.386075,0.737124,0.483739,0.484516
92,9,1.374217,0.757844,0.479116,0.475178
92,10,1.363381,0.767216,0.477173,0.466815
92,11,1.370808,0.772593,0.472606,0.460118
92,12,1.375446,0.771567,0.469664,0.456808
92,13,1.371441,0.776210,0.467748,0.456667
92,14,1.364919,0.779679,0.467402,0.455576
92,15,1.381531,0.771276,0.462050,0.459065
92,16,1.360837,0.767695,0.464103,0.460280
92,17,1.386309,0.757525,0.465483,0.462108
92,18,1.373723,0.753926,0.467798,0.465864
92,19,1.386172,0.749057,0.465667,0.468719
92,20,1.380677,0.743851,0.470488,0.469057
92,21,1.374885,0.745937,0.473922,0.471265
92,22,1.364790,0.742977,0.477826,0.473072
92,23,1.382097,0.749153,0.473164,0.472126
92,24,1.381655,0.746945,0.473292,0.472311
92,25,1.380185,0.749146,0.475353,0.470973
92,26,1.374425,0.744416,0.475973,0.469627
92,27,1.370929,0.743600,0.480770,0.472794
92,28,1.370605,0.739041,0.483196,0.475306
92,29,1.379415,0.733541,0.481909,0.478421
92,30,1.385339,0.734268,0.480064,0.477960
92,31,1.390171,0.737083,0.479186,0.480838
92,32,1.379771,0.735573,0.481411,0.477999
92,33,1.389187,0.742085,0.476454,0.477470
92,34,1.381676,0.740416,0.477229,0.472939
92,35,1.381852,0.740495,0.480707,0.472351
92,36,1.367001,0.746130,0.481276,0.473731
92,37,1.370569,0.749969,0.481775,0.473413
92,38,1.380470,0.749556,0.477810,0.470158
92,39,1.369710,0.744193,0.481491,0.472651
92,40,1.364762,0.754061,0.476650,0.469127
92,41,1.375091,0.761400,0.474140,0.468714
92,42,1.367179,0.764529,0.473922,0.463976
92,43,1.373507,0.759991,0.468795,0.465115
92,44,1.369187,0.759742,0.464007,0.464715
92,45,1.381787,0.754604,0.463630,0.466302
92,46,1.389771,0.748266,0.462504,0.469456
92,47,1.397005,0.738738,0.464055,0.467931
92,48,1.377568,0.737317,0.470718,0.474789
92,49,1.390144,0.734484,0.472555,0.474124
93,1,1.383803,0.732160,0.477134,0.476330
93,2,1.383298,0.732748,0.478063,0.478906
93,3,1.390557,0.731563,0.479802,0.478520
93,4,1.377184,0.732023,0.482652,0.480103
93,5,1.380674,0.733323,0.481133,0.479009
93,6,1.368479,0.735549,0.485772,0.478502
93,7,1.381290,0.733156,0.481749,0.477047
93,8,1.377567,0.729038,0.485459,0.477394
93,9,1.381542,0.721695,0.487602,0.481559
93,10,1.382229,0.714056,0.490484,0.488208
93,11,1.389165,0.711560,0.493034,0.494219
93,12,1.390826,0.712957,0.491268,0.495037
93,13,1.393206,0.712218,0.490502,0.492645
93,14,1.398080,0.715552,0.487624,0.494644
93,15,1.386210,0.719761,0.487990,0.490844
93,16,1.382003,0.728047,0.486784,0.487719
93,17,1.379674,0.741385,0.484922,0.480334
93,18,1.389370,0.745004,0.478496,0.476191
93,19,1.379100,0.742883,0.478627,0.476033
93,20,1.373636,0.754027,0.477451,0.472596
93,21,1.382475,0.744599,0.476781,0.468868
93,22,1.386374,0.745301,0.470968,0.470084
93,23,1.383168,0.742718,0.473040,0.472148
93,24,1.374800,0.741056,0.476300,0.472995
93,25,1.371632,0.743571,0.475945,0.472575
93,26,1.394322,0.743194,0.472809,0.472853
93,27,1.367831,0.741138,0.479917,0.471205
93,28,1.379995,0.740531,0.477088,0.473037
93,29,1.372287,0.739551,0.482429,0.475453
93,30,1.376292,0.731411,0.484044,0.475593
93,31,1.381158,0.734149,0.482462,0.479290
93,32,1.376966,0.723333,0.492821,0.483048
93,33,1.385208,0.722427,0.489095,0.488796
93,34,1.386577,0.713714,0.491842,0.490656
93,35,1.390145,0.715808,0.491384,0.494799
93,36,1.390137,0.726315,0.486426,0.490791
93,37,1.388984,0.744669,0.481343,0.485186
93,38,1.380881,0.751701,0.474981,0.474950
93,39,1.380588,0.761890,0.466469,0.469612
93,40,1.376787,0.762607,0.468395,0.463645
93,41,1.386782,0.756521,0.466177,0.464268
93,42,1.378430,0.758795,0.463817,0.463143
93,43,1.368176,0.765182,0.466968,0.462264
93,44,1.394930,0.751987,0.468804,0.464185
93,45,1.384958,0.749097,0.469142,0.467387
93,46,1.375652,0.749038,0.472365,0.470245
93,47,1.368696,0.747110,0.473184,0.468700
93,48,1.378302,0.745902,0.472848,0.472089
93,49,1.382737,0.739227,0.474160,0.472113
94,1,1.389727,0.736401,0.473462,0.473949
94,2,1.385324,0.739666,0.476062,0.477211
94,3,1.406458,0.734574,0.471261,0.477882
94,4,1.383828,0.735251,0.473847,0.477369
94,5,1.391316,0.738798,0.474827,0.476306
94,6,1.381669,0.736504,0.475332,0.474772
94,7,1.378584,0.738372,0.478877,0.475684
94,8,1.379037,0.742653,0.477078,0.472973
94,9,1.379336,0.741597,0.477349,0.470413
94,10,1.364899,0.744148,0.477297,0.471118
94,11,1.372838,0.745318,0.476151,0.471041
94,12,1.378594,0.745094,0.475710,0.468215
94,13,1.368002,0.746711,0.474987,0.468276
94,14,1.362704,0.751689,0.477985,0.468644
94,15,1.364760,0.758061,0.476459,0.466747
94,16,1.380327,0.753016,0.475369,0.466232
94,17,1.376905,0.752344,0.472163,0.468651
94,18,1.371992,0.742421,0.481120,0.468665
94,19,1.393766,0.741502,0.472666,0.474059
94,20,1.385307,0.736318,0.480568,0.476622
94,21,1.374315,0.731335,0.484540,0.475865
94,22,1.390126,0.726691,0.479548,0.481657
94,23,1.385249,0.728703,0.482470,0.483175
94,24,1.378515,0.728257,0.486351,0.483259
94,25,1.372320,0.722783,0.490424,0.482434
94,26,1.387612,0.722725,0.486090,0.485585
94,27,1.387577,0.719739,0.486579,0.486365
94,28,1.383600,0.719893,0.489866,0.487493
94,29,1.380469,0.723204,0.489199,0.486419
94,30,1.391037,0.723435,0.485395,0.488751
94,31,1.374870,0.734195,0.488117,0.483879
94,32,1.373482,0.742316,0.485421,0.479194
94,33,1.373475,0.750506,0.478767,0.474250
94,34,1.372285,0.755145,0.474038,0.469618
94,35,1.372238,0.761788,0.474132,0.465003
94,36,1.375560,0.757782,0.470174,0.466697
94,37,1.381013,0.752882,0.471750,0.465692
94,38,1.373557,0.751888,0.472321,0.468974
94,39,1.367850,0.748946,0.475837,0.469497
94,40,1.373341,0.750687,0.474146,0.472269
94,41,1.380113,0.747360,0.473697,0.472527
94,42,1.387813,0.745072,0.467132,0.470728
94,43,1.378982,0.751127,0.473433,0.471639
94,44,1.373520,0.755161,0.473263,0.467667
94,45,1.351342,0.762511,0.480586,0.465361
94,46,1.361182,0.773643,0.475043,0.459869
94,47,1.361578,0.770862,0.480768,0.459361
94,48,1.348816,0.767807,0.483498,0.460538
94,49,1.346792,0.764075,0.480751,0.465639
95,1,1.375630,0.740749,0.478280,0.471471
95,2,1.367662,0.725453,0.489693,0.484271
95,3,1.386606,0.722072,0.502590,0.493022
95,4,1.397330,0.719758,0.489777,0.493664
95,5,1.404870,0.718727,0.485684,0.499017
95,6,1.406888,0.723638,0.482060,0.495150
95,7,1.400603,0.726052,0.484074,0.490448
95,8,1.390229,0.734582,0.477190,0.483869
95,9,1.397832,0.741391,0.472479,0.478684
95,10,1.385050,0.749279,0.477728,0.477550
95,11,1.385462,0.763599,0.467812,0.467688
95,12,1.367676,0.769464,0.476909,0.464161
95,13,1.364316,0.783433,0.470446,0.460923
95,14,1.376953,0.785244,0.466706,0.457107
95,15,1.370532,0.790250,0.461398,0.454235
95,16,1.378266,0.783867,0.455549,0.456745
95,17,1.391896,0.777830,0.460582,0.457372
95,18,1.372173,0.773814,0.464842,0.460765
95,19,1.405456,0.759343,0.458651,0.463673
95,20,1.396335,0.757798,0.460228,0.466956
95,21,1.418162,0.748892,0.455463,0.467704
95,22,1.395658,0.743895,0.463729,0.472352
95,23,1.391703,0.739273,0.467374,0.471417
95,24,1.393841,0.738944,0.466617,0.473049
95,25,1.397343,0.739265,0.468791,0.474106
95,26,1.381549,0.740148,0.471806,0.473851
95,27,1.384947,0.740872,0.473392,0.471715
95,28,1.377264,0.743399,0.474033,0.470764
95,29,1.366215,0.745990,0.477355,0.469491
95,30,1.367621,0.749974,0.474256,0.469437
95,31,1.376209,0.751787,0.474514,0.466418
95,32,1.366422,0.752011,0.476849,0.466364
95,33,1.363763,0.755671,0.480653,0.466307
95,34,1.376236,0.750163,0.474054,0.466193
95,35,1.377264,0.748304,0.474882,0.470515
95,36,1.394147,0.739940,0.469702,0.472342
95,37,1.400198,0.732551,0.471578,0.476016
95,38,1.396110,0.728141,0.478342,0.481786
95,39,1.384855,0.725691,0.486870,0.482541
95,40,1.392840,0.723869,0.478752,0.482654
95,41,1.398143,0.725213,0.475909,0.483594
95,42,1.394896,0.723540,0.479207,0.484105
95,43,1.390389,0.725717,0.480779,0.482332
95,44,1.392999,0.726717,0.481157,0.480597
95,45,1.381334,0.731246,0.483755,0.480004
95,46,1.368222,0.737081,0.482236,0.478192
95,47,1.385396,0.746542,0.480165,0.475042
95,48,1.374834,0.750056,0.478518,0.471957
95,49,1.369967,0.750977,0.478165,0.472126
96,1,1.374069,0.755586,0.477867,0.469193
96,2,1.372168,0.751699,0.477785,0.468501
96,3,1.384444,0.746915,0.477134,0.468934
96,4,1.376941,0.740420,0.478069,0.472420
96,5,1.373153,0.739246,0.477362,0.476659
96,6,1.379321,0.735947,0.478336,0.476114
96,7,1.386924,0.727980,0.481337,0.477517
96,8,1.378294,0.721809,0.485062,0.481669
96,9,1.384685,0.716779,0.489732,0.484543
96,10,1.375267,0.707093,0.494057,0.488834
96,11,1.379958,0.703833,0.500096,0.494965
96,12,1.381718,0.701508,0.500768,0.497682
96,13,1.380050,0.702216,0.503168,0.499240
96,14,1.388085,0.706083,0.496750,0.499672
96,15,1.389547,0.725235,0.497601,0.496392
96,16,1.374131,0.744886,0.486014,0.483347
96,17,1.376965,0.756420,0.478472,0.471989
96,18,1.379643,0.757051,0.471260,0.467038
96,19,1.363090,0.760315,0.471564,0.466721
96,20,1.386379,0.754311,0.464315,0.463351
96,21,1.373168,0.756842,0.469165,0.464574
96,22,1.382856,0.759908,0.467559,0.463919
96,23,1.371145,0.753012,0.472448,0.462488
96,24,1.376370,0.750284,0.477663,0.468052
96,25,1.377125,0.741994,0.476565,0.469381
96,26,1.369136,0.736344,0.485397,0.472406
96,27,1.370435,0.732800,0.488716,0.480439
96,28,1.373998,0.730434,0.484756,0.478966
96,29,1.375917,0.718628,0.494120,0.486768
96,30,1.366266,0.723641,0.497507,0.486425
96,31,1.382739,0.723754,0.490522,0.487921
96,32,1.392593,0.728297,0.486509,0.491182
96,33,1.392774,0.736271,0.481191,0.482957
96,34,1.376749,0.739076,0.479401,0.477726
96,35,1.394678,0.748217,0.471492,0.478394
96,36,1.379503,0.755420,0.471858,0.472432
96,37,1.382416,0.758589,0.469119,0.466179
96,38,1.372182,0.761940,0.468214,0.466585
96,39,1.380760,0.767487,0.463451,0.463404
96,40,1.378230,0.769270,0.462782,0.461387
96,41,1.386656,0.765493,0.461194,0.460875
96,42,1.377450,0.770403,0.463428,0.460860
96,43,1.386703,0.766014,0.464855,0.461124
96,44,1.377740,0.765862,0.467847,0.460195
96,45,1.384087,0.764614,0.466650,0.460151
96,46,1.392006,0.756609,0.464644,0.462439
96,47,1.381794,0.746601,0.470194,0.467083
96,48,1.386587,0.739992,0.470466,0.473001
96,49,1.385830,0.731476,0.476812,0.475377
97,1,1.386322,0.729462,0.480006,0.480431
97,2,1.380219,0.729460,0.482123,0.479987
97,3,1.380581,0.733844,0.483100,0.481144
97,4,1.373756,0.736914,0.484351,0.477181
97,5,1.359779,0.738950,0.488718,0.476891
97,6,1.362601,0.741984,0.485728,0.473334
97,7,1.365932,0.741200,0.486639,0.475269
97,8,1.353864,0.741187,0.489884,0.474276
97,9,1.370905,0.731047,0.491698,0.477660
97,10,1.370811,0.728446,0.494781,0.482759
97,11,1.387337,0.727403,0.484133,0.486471
97,12,1.385401,0.728307,0.484902,0.485696
97,13,1.378335,0.742704,0.483219,0.481691
97,14,1.386474,0.747610,0.474392,0.474521
97,15,1.379625,0.758004,0.473061,0.470459
97,16,1.372185,0.764302,0.468109,0.460773
97,17,1.360206,0.779882,0.467826,0.459396
97,18,1.372541,0.783953,0.460417,0.456298
97,19,1.369057,0.797699,0.457613,0.451421
97,20,1.383935,0.796079,0.451274,0.447276
97,21,1.362023,0.794536,0.455521,0.446680
97,22,1.380870,0.789787,0.451071,0.447557
97,23,1.390095,0.780750,0.455195,0.450964
97,24,1.391975,0.773145,0.455126,0.455274
97,25,1.389047,0.756415,0.461816,0.459376
97,26,1.374138,0.750387,0.466211,0.464255
97,27,1.378992,0.745840,0.467328,0.471255
97,28,1.387887,0.743519,0.470599,0.469615
97,29,1.376978,0.739701,0.475663,0.472697
97,30,1.384272,0.732446,0.477085,0.475316
97,31,1.378487,0.724996,0.484288,0.478520
97,32,1.380019,0.715557,0.491063,0.484015
97,33,1.388495,0.707908,0.490378,0.492937
97,34,1.399985,0.706239,0.494560,0.499837
97,35,1.392665,0.714368,0.491388,0.498468
97,36,1.389240,0.730359,0.488064,0.491448
97,37,1.385669,0.750847,0.476251,0.481064
97,38,1.378525,0.759227,0.474897,0.471111
97,39,1.376686,0.768542,0.467316,0.465605
97,40,1.370810,0.769063,0.471395,0.460317
97,41,1.391067,0.770941,0.464868,0.461784
97,42,1.389779,0.759067,0.460595,0.461819
97,43,1.373270,0.759830,0.467304,0.462543
97,44,1.383749,0.746043,0.469673,0.465724
97,45,1.378978,0.750150,0.467956,0.467637
97,46,1.366023,0.744479,0.470588,0.468801
97,47,1.378440,0.746336,0.472921,0.468014
97,48,1.372812,0.743662,0.474554,0.470964
97,49,1.382937,0.740779,0.475243,0.473228
98,1,1.369686,0.746393,0.475290,0.474405
98,2,1.371185,0.745576,0.477739,0.471282
98,3,1.379274,0.748319,0.476289,0.470154
98,4,1.371714,0.739260,0.478365,0.473630
98,5,1.371398,0.734517,0.484060,0.473800
98,6,1.370214,0.731552,0.486583,0.476066
98,7,1.377347,0.721059,0.492911,0.487285
98,8,1.390562,0.716275,0.488215,0.489457
98,9,1.392856,0.707557,0.492978,0.496089
98,10,1.394161,0.717655,0.493111,0.496946
98,11,1.388970,0.731856,0.487008,0.487838
98,12,1.378511,0.744030,0.484007,0.481190
98,13,1.372956,0.757866,0.473736,0.470060
98,14,1.368726,0.767307,0.470805,0.463974
98,15,1.364677,0.771577,0.468929,0.456755
98,16,1.377359,0.772085,0.463001,0.455377
98,17,1.390756,0.767537,0.462136,0.458213
98,18,1.377076,0.758893,0.462595,0.460356
98,19,1.381886,0.759149,0.464770,0.463048
98,20,1.386370,0.748839,0.470915,0.464600
98,21,1.383142,0.743833,0.470217,0.470174
98,22,1.384182,0.741934,0.473359,0.471994
98,23,1.386192,0.742856,0.472736,0.472961
98,24,1.378271,0.746746,0.473920,0.472386
98,25,1.383661,0.748025,0.471035,0.465677
98,26,1.377152,0.747041,0.474676,0.467936
98,27,1.369353,0.750848,0.478580,0.468820
98,28,1.374167,0.745789,0.473679,0.469130
98,29,1.385765,0.749580,0.472963,0.470550
98,30,1.359483,0.749015,0.478719,0.468486
98,31,1.379273,0.746138,0.476169,0.469334
98,32,1.383349,0.734500,0.477428,0.470494
98,33,1.378286,0.732820,0.480844,0.478563
98,34,1.384486,0.728248,0.483119,0.481213
98,35,1.380129,0.731804,0.484128,0.484501
98,36,1.391566,0.732204,0.480105,0.481262
98,37,1.392334,0.742635,0.475980,0.481901
98,38,1.395782,0.748045,0.471973,0.478652
98,39,1.392803,0.736192,0.473388,0.476141
98,40,1.395627,0.732668,0.474614,0.477579
98,41,1.384806,0.739360,0.478678,0.477455
98,42,1.380898,0.741616,0.478532,0.475498
98,43,1.382953,0.743736,0.476330,0.474553
98,44,1.360589,0.752518,0.484381,0.473351
98,45,1.369993,0.751129,0.480741,0.469403
98,46,1.373416,0.743899,0.480785,0.471357
98,47,1.370097,0.740305,0.483969,0.474779
98,48,1.373003,0.731294,0.485753,0.479748
98,49,1.380805,0.730574,0.486286,0.483287
99,1,1.373846,0.736433,0.486234,0.483189
99,2,1.369371,0.745176,0.484631,0.479855
99,3,1.365313,0.744451,0.486414,0.473041
99,4,1.379710,0.740185,0.480651,0.474874
99,5,1.377407,0.733385,0.486390,0.479246
99,6,1.376749,0.719878,0.494702,0.484947
99,7,1.390956,0.701734,0.490823,0.494983
99,8,1.404868,0.711622,0.491922,0.502208
99,9,1.406632,0.735008,0.485735,0.499761
99,10,1.396022,0.746001,0.471928,0.483796
99,11,1.389196,0.761698,0.469905,0.471573
99,12,1.386187,0.768002,0.463047,0.465825
99,13,1.366808,0.767461,0.464139,0.460913
99,14,1.384838,0.775507,0.455230,0.459128
99,15,1.375357,0.778407,0.458746,0.456853
99,16,1.384462,0.777105,0.455838,0.453513
99,17,1.389338,0.778489,0.453699,0.454540
99,18,1.365006,0.781028,0.461664,0.452408
99,19,1.367726,0.777997,0.460805,0.452560
99,20,1.371911,0.784988,0.454697,0.451270
99,21,1.364203,0.780994,0.456193,0.453792
99,22,1.404501,0.774819,0.454397,0.453353
99,23,1.375421,0.759655,0.459002,0.459499
99,24,1.386430,0.753241,0.463612,0.461509
99,25,1.387800,0.747425,0.466107,0.466505
99,26,1.382647,0.742448,0.474873,0.471092
99,27,1.377570,0.736471,0.477356,0.474566
99,28,1.380552,0.730417,0.482682,0.478132
99,29,1.384429,0.729264,0.480047,0.482067
99,30,1.383107,0.725904,0.485232,0.482845
99,31,1.384126,0.727560,0.482530,0.484063
99,32,1.381474,0.734116,0.485437,0.483223
99,33,1.366681,0.735714,0.483966,0.478485
99,34,1.376174,0.745533,0.478298,0.475505
99,35,1.381179,0.748797,0.478432,0.474237
99,36,1.378736,0.746360,0.475023,0.470881
99,37,1.381554,0.755241,0.472727,0.470340
99,38,1.381238,0.753330,0.471043,0.469425
99,39,1.378145,0.758278,0.467424,0.469517
99,40,1.375986,0.765555,0.465628,0.464800
99,41,1.372295,0.770370,0.467079,0.462565
99,42,1.354247,0.776349,0.460351,0.457053
99,43,1.397348,0.765114,0.454474,0.454167
99,44,1.366261,0.768772,0.462466,0.457898
99,45,1.379549,0.764822,0.465898,0.460768
99,46,1.364296,0.759770,0.473586,0.463122
99,47,1.389019,0.748103,0.469353,0.466417
99,48,1.375402,0.739924,0.475889,0.474554
99,49,1.371404,0.733753,0.487100,0.478395
100,1,1.369892,0.730838,0.487447,0.479267
100,2,1.377503,0.731037,0.486762,0.480896
100,3,1.380297,0.730277,0.487990,0.483621
100,4,1.400219,0.731765,0.481185,0.487939
100,5,1.384817,0.732528,0.485755,0.483349
100,6,1.383477,0.732616,0.483637,0.483027
100,7,1.383463,0.741518,0.481418,0.480990
100,8,1.367531,0.745668,0.482864,0.474885
100,9,1.380494,0.753299,0.476862,0.472552
100,10,1.388178,0.744719,0.474691,0.470909
100,11,1.380211,0.751587,0.474474,0.468949
100,12,1.385885,0.751429,0.473084,0.472203
100,13,1.384732,0.762091,0.471934,0.470656
100,14,1.387526,0.757956,0.466395,0.464004
100,15,1.369641,0.764146,0.469982,0.462803
100,16,1.376301,0.770294,0.465954,0.458802
100,17,1.378584,0.771276,0.465877,0.456887
100,18,1.373876,0.773762,0.467450,0.453491
100,19,1.386947,0.758617,0.463988,0.459773
100,20,1.381813,0.749469,0.471431,0.463628
100,21,1.377290,0.742194,0.476742,0.470704
100,22,1.397571,0.733532,0.470676,0.474791
100,23,1.377598,0.729586,0.479824,0.479771
100,24,1.380959,0.723946,0.482339,0.482717
100,25,1.396966,0.723821,0.478034,0.483533
100,26,1.381688,0.723473,0.485390,0.485686
100,27,1.385857,0.722752,0.485488,0.484747
100,28,1.367954,0.730689,0.485628,0.481953
100,29,1.374713,0.732306,0.487153,0.478093
100,30,1.381132,0.732563,0.484209,0.480147
100,31,1.372061,0.733682,0.483429,0.477780
100,32,1.375737,0.739435,0.483009,0.476099
100,33,1.374166,0.738861,0.482606,0.475880
100,34,1.386867,0.740376,0.477408,0.475105
100,35,1.374835,0.740116,0.481621,0.476681
100,36,1.381728,0.736618,0.480270,0.475564
100,37,1.386388,0.738644,0.478192,0.476702
100,38,1.394809,0.741710,0.473677,0.478169
100,39,1.386618,0.745880,0.473837,0.472877
100,40,1.401912,0.744450,0.467838,0.473200
100,41,1.390562,0.741958,0.471998,0.472334
100,42,1.385141,0.741899,0.473695,0.473412
100,43,1.385467,0.741748,0.472852,0.475121
100,44,1.372874,0.750610,0.474771,0.472072
100,45,1.395791,0.747083,0.468939,0.468885
100,46,1.386004,0.750492,0.469088,0.468762
100,47,1.373768,0.751271,0.473293,0.466379
100,48,1.375001,0.761353,0.471891,0.466741
100,49,1.364252,0.771057,0.470956,0.462279
101,1,1.370454,0.778099,0.466673,0.457047
101,2,1.372000,0.772313,0.468184,0.457777
101,3,1.365940,0.763953,0.468465,0.460915
101,4,1.360318,0.765518,0.469496,0.462044
101,5,1.391289,0.754595,0.464113,0.464011
101,6,1.385702,0.749125,0.462613,0.468556
101,7,1.375947,0.744692,0.469465,0.471784
101,8,1.384084,0.739556,0.475912,0.470304
101,9,1.388871,0.734669,0.480101,0.472638
101,10,1.363952,0.736046,0.488955,0.475853
101,11,1.364385,0.730410,0.495138,0.475188
101,12,1.356837,0.727368,0.498111,0.479085
101,13,1.361184,0.718213,0.499181,0.484462
101,14,1.350401,0.713491,0.522449,0.493047
101,15,1.370682,0.683131,0.513985,0.500747
101,16,1.416431,0.687464,0.508315,0.524302
101,17,1.424557,0.701601,0.491799,0.515719
101,18,1.405507,0.716953,0.487263,0.502000
101,19,1.395650,0.733245,0.478646,0.489485
101,20,1.392401,0.742901,0.474881,0.480399
101,21,1.369537,0.759831,0.472954,0.472342
101,22,1.382361,0.770274,0.468126,0.464735
101,23,1.384872,0.773007,0.464002,0.459417
101,24,1.373097,0.773631,0.463946,0.457207
101,25,1.370836,0.783103,0.461315,0.457628
101,26,1.373317,0.786616,0.461856,0.454698
101,27,1.379853,0.781799,0.459344,0.452615
101,28,1.360496,0.780569,0.458327,0.449983
101,29,1.380133,0.785572,0.454054,0.450180
101,30,1.366816,0.781771,0.459071,0.449605
101,31,1.360368,0.781505,0.458577,0.451136
101,32,1.375263,0.772856,0.463333,0.456377
101,33,1.375472,0.761256,0.464158,0.460298
101,34,1.377634,0.758003,0.466160,0.465668
101,35,1.393842,0.746127,0.465134,0.469915
101,36,1.388213,0.746638,0.468631,0.471064
101,37,1.378577,0.743618,0.469432,0.471292
101,38,1.383444,0.747875,0.467772,0.471288
101,39,1.395720,0.746079,0.469513,0.468849
101,40,1.386927,0.744490,0.470476,0.469247
101,41,1.375557,0.742513,0.474416,0.470074
101,42,1.368082,0.741201,0.480963,0.469814
101,43,1.371114,0.744470,0.479879,0.472380
101,44,1.375332,0.736250,0.485206,0.474180
101,45,1.380239,0.727774,0.487054,0.480591
101,46,1.374234,0.720223,0.495715,0.486757
101,47,1.381409,0.711031,0.491565,0.489129
101,48,1.389771,0.709419,0.490815,0.493969
101,49,1.400805,0.711708,0.485269,0.496628
102,1,1.397836,0.719557,0.489161,0.494315
102,2,1.399320,0.726490,0.483437,0.492072
102,3,1.394609,0.735065,0.479030,0.485432
102,4,1.382552,0.747577,0.480041,0.476291
102,5,1.373916,0.758692,0.475953,0.471073
102,6,1.369547,0.767408,0.473352,0.466535
102,7,1.375760,0.767431,0.468329,0.459531
102,8,1.372573,0.771184,0.471558,0.458991
102,9,1.375495,0.767042,0.465701,0.458500
102,10,1.374143,0.768155,0.467597,0.463760
102,11,1.372657,0.766097,0.465154,0.460087
102,12,1.398446,0.755883,0.466078,0.462925
102,13,1.374434,0.747372,0.470032,0.466429
102,14,1.380335,0.739280,0.474917,0.468928
102,15,1.396816,0.735763,0.468414,0.475252
102,16,1.383886,0.730603,0.475979,0.478529
102,17,1.381577,0.731740,0.479536,0.480631
102,18,1.391225,0.730103,0.475563,0.478899
102,19,1.384549,0.730528,0.477313,0.479325
102,20,1.387347,0.731147,0.479427,0.479365
102,21,1.385137,0.731882,0.480742,0.479381
102,22,1.382019,0.734322,0.478073,0.477593
102,23,1.385109,0.729594,0.480588,0.477363
102,24,1.377826,0.730156,0.482793,0.480682
102,25,1.378034,0.733089,0.480013,0.478973
102,26,1.368496,0.735090,0.485142,0.476676
102,27,1.374543,0.738958,0.482813,0.474810
102,28,1.372106,0.735048,0.487260,0.474987
102,29,1.378714,0.736102,0.488292,0.475020
102,30,1.372387,0.731401,0.486675,0.476984
102,31,1.370531,0.735200,0.485731,0.481053
102,32,1.366558,0.728105,0.492982,0.481346
102,33,1.384678,0.727504,0.485220,0.488822
102,34,1.383296,0.733545,0.482812,0.484405
102,35,1.397678,0.740320,0.474033,0.480699
102,36,1.384296,0.747737,0.474535,0.476422
102,37,1.377100,0.760108,0.468715,0.470067
102,38,1.384500,0.769358,0.464759,0.464200
102,39,1.372972,0.777278,0.464987,0.459586
102,40,1.377308,0.779300,0.458320,0.457003
102,41,1.385698,0.768430,0.458408,0.453748
102,42,1.373992,0.768645,0.458889,0.458314
102,43,1.379539,0.768305,0.459727,0.457143
102,44,1.374071,0.769563,0.462837,0.457155
102,45,1.389073,0.761113,0.457544,0.457986
102,46,1.389949,0.751127,0.462035,0.463522
102,47,1.390013,0.743303,0.465716,0.464589
102,48,1.383571,0.740251,0.470048,0.470611
102,49,1.384659,0.737788,0.473174,0.473650
103,1,1.381821,0.734656,0.475770,0.473552
103,2,1.385293,0.732888,0.476853,0.475054
103,3,1.378057,0.732314,0.477988,0.476721
103,4,1.378865,0.732722,0.481189,0.477877
103,5,1.372213,0.727813,0.484624,0.478923
103,6,1.375620,0.726896,0.483460,0.479837
103,7,1.374496,0.728966,0.484715,0.480332
103,8,1.375068,0.729244,0.485037,0.479475
103,9,1.370361,0.727223,0.488037,0.479881
103,10,1.375117,0.725913,0.489041,0.483861
103,11,1.369921,0.725066,0.490856,0.483072
103,12,1.378124,0.718670,0.491424,0.485624
103,13,1.383015,0.718872,0.488498,0.488395
103,14,1.381386,0.721909,0.492083,0.489059
103,15,1.387632,0.726643,0.484182,0.485765
103,16,1.378661,0.732424,0.485471,0.481470
103,17,1.373906,0.738340,0.481688,0.477600
103,18,1.377904,0.743138,0.479342,0.474932
103,19,1.366588,0.752696,0.478980,0.471931
103,20,1.369272,0.755710,0.478078,0.466724
103,21,1.375597,0.758420,0.473966,0.466492
103,22,1.361056,0.753814,0.477091,0.463755
103,23,1.378029,0.754888,0.475836,0.466461
103,24,1.358542,0.754653,0.478769,0.466257
103,25,1.377193,0.755816,0.473215,0.468786
103,26,1.360093,0.760916,0.476893,0.465950
103,27,1.369760,0.756775,0.472142,0.465337
103,28,1.369114,0.761434,0.477964,0.467528
103,29,1.379937,0.763994,0.468323,0.465487
103,30,1.388048,0.757045,0.462354,0.465960
103,31,1.381128,0.753937,0.466127,0.466164
103,32,1.381126,0.755731,0.470215,0.463072
103,33,1.377087,0.754646,0.472232,0.466025
103,34,1.378163,0.752483,0.471495,0.465947
103,35,1.371077,0.756974,0.476788,0.470243
103,36,1.375573,0.757734,0.475125,0.467538
103,37,1.364372,0.759949,0.477015,0.466994
103,38,1.366014,0.753420,0.479714,0.474858
103,39,1.377623,0.749322,0.475224,0.471011
103,40,1.380238,0.752456,0.471987,0.473975
103,41,1.411306,0.746727,0.464017,0.470833
103,42,1.399389,0.743746,0.466715,0.470546
103,43,1.384047,0.743936,0.473253,0.471429
103,44,1.392630,0.742465,0.473323,0.473378
103,45,1.383391,0.742210,0.475330,0.473150
103,46,1.375258,0.749427,0.474886,0.472863
103,47,1.371798,0.753875,0.473878,0.468798
103,48,1.375696,0.757582,0.473371,0.466680
103,49,1.371621,0.757910,0.469633,0.462571
104,1,1.379978,0.759579,0.470226,0.462978
104,2,1.357220,0.756362,0.474645,0.465155
104,3,1.375899,0.755906,0.471169,0.464503
104,4,1.368088,0.756149,0.474930,0.464537
104,5,1.386264,0.745197,0.473698,0.467866
104,6,1.381707,0.738712,0.474134,0.471255
104,7,1.398108,0.734434,0.472282,0.477017
104,8,1.390237,0.726448,0.478561,0.479073
104,9,1.381127,0.723807,0.481840,0.483451
104,10,1.377927,0.726715,0.488244,0.483934
104,11,1.373769,0.733378,0.487299,0.480755
104,12,1.378870,0.733265,0.482747,0.479378
104,13,1.377992,0.729043,0.484558,0.477884
104,14,1.372908,0.725528,0.487418,0.478618
104,15,1.358911,0.725383,0.494152,0.481237
104,16,1.363841,0.727723,0.496305,0.483300
104,17,1.366394,0.735426,0.492975,0.482061
104,18,1.376893,0.733252,0.491174,0.479712
104,19,1.369087,0.728140,0.488802,0.479341
104,20,1.372100,0.730558,0.486576,0.481075
104,21,1.388158,0.735487,0.486840,0.482350
104,22,1.377916,0.731317,0.482562,0.477282
104,23,1.375675,0.743239,0.476596,0.480719
104,24,1.385091,0.747533,0.475919,0.474319
104,25,1.406301,0.747127,0.465850,0.469865
104,26,1.384883,0.751052,0.471794,0.467526
104,27,1.376683,0.749332,0.474881,0.469292
104,28,1.389462,0.751217,0.474153,0.470496
104,29,1.380313,0.760126,0.470893,0.466701
104,30,1.368007,0.764307,0.478954,0.466221
104,31,1.363154,0.767046,0.478791,0.466363
104,32,1.353321,0.781103,0.480580,0.463533
104,33,1.360737,0.785575,0.474861,0.459081
104,34,1.376253,0.771050,0.465145,0.457948
104,35,1.370833,0.765025,0.469446,0.462353
104,36,1.392126,0.756551,0.466335,0.467569
104,37,1.388668,0.756902,0.469232,0.470674
104,38,1.389771,0.760482,0.464246,0.470352
104,39,1.395818,0.758888,0.461236,0.464077
104,40,1.387061,0.760683,0.460907,0.463670
104,41,1.382496,0.761918,0.464337,0.466883
104,42,1.371620,0.764635,0.468360,0.461527
104,43,1.371147,0.763937,0.469125,0.464241
104,44,1.369691,0.763185,0.472370,0.458837
104,45,1.383667,0.755573,0.464415,0.462591
104,46,1.391190,0.753783,0.470002,0.474679
104,47,1.385410,0.749368,0.474998,0.480117
104,48,1.397789,0.756865,0.465578,0.476317
104,49,1.400591,0.767425,0.461317,0.470773
105,1,1.381926,0.782094,0.459190,0.462126
105,2,1.384795,0.788904,0.456124,0.454429
105,3,1.380920,0.794912,0.456941,0.449878
105,4,1.383846,0.792453,0.454563,0.448210
105,5,1.374435,0.781268,0.459730,0.451873
105,6,1.364948,0.770299,0.457496,0.455189
105,7,1.390372,0.765288,0.463711,0.460507
105,8,1.385475,0.755392,0.462625,0.463770
105,9,1.379406,0.747699,0.467099,0.465397
105,10,1.388739,0.742767,0.468999,0.470169
105,11,1.391736,0.735635,0.469591,0.472778
105,12,1.386746,0.732007,0.473909,0.475680
105,13,1.383013,0.729731,0.478396,0.476603
105,14,1.383633,0.728551,0.479124,0.478876
105,15,1.378683,0.723793,0.484704,0.481246
105,16,1.373468,0.731073,0.484890,0.480277
105,17,1.376039,0.728372,0.483232,0.478684
105,18,1.377828,0.730065,0.483436,0.478368
105,19,1.372838,0.727414,0.487715,0.479136
105,20,1.378797,0.726359,0.482767,0.480887
105,21,1.382313,0.727580,0.486800,0.485314
105,22,1.371416,0.724439,0.491599,0.482776
105,23,1.373672,0.723336,0.488890,0.482598
105,24,1.369888,0.725715,0.496200,0.485414
105,25,1.379047,0.724512,0.488148,0.483812
105,26,1.388051,0.721533,0.482267,0.483774
105,27,1.376941,0.722686,0.490025,0.484385
105,28,1.368796,0.730573,0.492315,0.484789
105,29,1.384354,0.730486,0.481696,0.482418
105,30,1.377672,0.741992,0.482191,0.482075
105,31,1.378766,0.749863,0.476660,0.474685
105,32,1.382113,0.749621,0.475243,0.471098
105,33,1.378160,0.752039,0.475171,0.472261
105,34,1.377647,0.752740,0.473921,0.471453
105,35,1.373580,0.752345,0.474650,0.470947
105,36,1.370597,0.747755,0.475717,0.468804
105,37,1.377636,0.748816,0.479130,0.468258
105,38,1.386367,0.740333,0.476762,0.473499
105,39,1.375490,0.734173,0.483286,0.475874
105,40,1.371202,0.737891,0.484770,0.480286
105,41,1.372934,0.739234,0.483089,0.476453
105,42,1.377760,0.740315,0.479569,0.477045
105,43,1.373977,0.739166,0.481713,0.478258
105,44,1.385565,0.743751,0.478701,0.475945
105,45,1.385737,0.750148,0.472483,0.475280
105,46,1.371597,0.753497,0.475886,0.466901
105,47,1.363653,0.753400,0.478483,0.466397
105,48,1.367659,0.762554,0.475422,0.465402
105,49,1.384181,0.759755,0.467397,0.465690
106,1,1.382217,0.751853,0.474954,0.466677
106,2,1.372947,0.749965,0.471828,0.469257
106,3,1.376775,0.759793,0.470330,0.468076
106,4,1.387591,0.757298,0.467930,0.467100
106,5,1.371204,0.761627,0.474716,0.465120
106,6,1.379314,0.773963,0.470977,0.467109
106,7,1.386594,0.772959,0.461554,0.461344
106,8,1.368282,0.779170,0.467871,0.460475
106,9,1.375829,0.782463,0.462278,0.457361
106,10,1.375630,0.782993,0.460014,0.458423
106,11,1.378764,0.771202,0.459785,0.453583
106,12,1.389796,0.761216,0.461602,0.461034
106,13,1.380413,0.751281,0.466333,0.464165
106,14,1.376879,0.747471,0.471524,0.468877
106,15,1.376953,0.746280,0.474228,0.470615
106,16,1.376349,0.745056,0.477411,0.472610
106,17,1.362093,0.746574,0.482703,0.471979
106,18,1.384850,0.750208,0.474317,0.475953
106,19,1.373956,0.754091,0.478031,0.470302
106,20,1.384243,0.750971,0.473505,0.475096
106,21,1.379797,0.756624,0.469943,0.469565
106,22,1.387128,0.762048,0.469167,0.465694
106,23,1.376522,0.766573,0.466643,0.464708
106,24,1.376673,0.771661,0.465943,0.461638
106,25,1.370593,0.771534,0.465014,0.458069
106,26,1.384703,0.774615,0.465397,0.455933
106,27,1.370503,0.765906,0.462426,0.457458
106,28,1.363990,0.774233,0.466048,0.456989
106,29,1.381193,0.766211,0.466131,0.459875
106,30,1.373439,0.762073,0.469053,0.462133
106,31,1.389331,0.750089,0.468029,0.465481
106,32,1.379589,0.739812,0.477195,0.470979
106,33,1.380220,0.741131,0.472751,0.474625
106,34,1.388007,0.735058,0.475548,0.477307
106,35,1.387090,0.734524,0.477664,0.476654
106,36,1.394807,0.740664,0.479332,0.481188
106,37,1.388658,0.738755,0.478594,0.477721
106,38,1.366334,0.741464,0.483416,0.476690
106,39,1.372651,0.748874,0.475749,0.473215
106,40,1.377513,0.755797,0.474008,0.470601
106,41,1.364521,0.756899,0.474589,0.466936
106,42,1.367529,0.759586,0.471917,0.463978
106,43,1.370937,0.758482,0.472310,0.464227
106,44,1.368595,0.758428,0.472237,0.465077
106,45,1.375540,0.754759,0.472790,0.466173
106,46,1.360399,0.752978,0.478849,0.468300
106,47,1.372402,0.750771,0.477468,0.469007
106,48,1.382364,0.744987,0.477380,0.472317
106,49,1.380096,0.742658,0.476863,0.471901
107,1,1.386702,0.743659,0.475935,0.473029
107,2,1.373637,0.735465,0.485549,0.477408
107,3,1.379030,0.731575,0.482739,0.475996
107,4,1.386169,0.737626,0.480539,0.481563
107,5,1.372338,0.740792,0.484439,0.476978
107,6,1.381556,0.748580,0.476014,0.476033
107,7,1.374492,0.755111,0.474270,0.470819
107,8,1.382102,0.761094,0.469602,0.465960
107,9,1.378430,0.770215,0.468355,0.462669
107,10,1.367560,0.779840,0.471651,0.461252
107,11,1.377341,0.777588,0.465937,0.455225
107,12,1.381469,0.765235,0.466128,0.457010
107,13,1.367214,0.759115,0.468271,0.461116
107,14,1.389105,0.754914,0.467542,0.463556
107,15,1.372699,0.749321,0.475623,0.468388
107,16,1.367299,0.753709,0.480308,0.471763
107,17,1.381407,0.758855,0.471807,0.471065
107,18,1.387634,0.760197,0.467205,0.470630
107,19,1.399663,0.749865,0.465297,0.466587
107,20,1.375865,0.749225,0.470652,0.467841
107,21,1.382835,0.753636,0.470518,0.471508
107,22,1.390614,0.751470,0.468139,0.467592
107,23,1.380962,0.750547,0.471003,0.468301
107,24,1.369560,0.751126,0.474538,0.467768
107,25,1.365422,0.749838,0.477129,0.468138
107,26,1.384413,0.748546,0.477731,0.469568
107,27,1.380079,0.739164,0.479410,0.475381
107,28,1.375132,0.737830,0.481822,0.477681
107,29,1.387238,0.737076,0.481375,0.478324
107,30,1.394888,0.746835,0.477402,0.481831
107,31,1.383138,0.777200,0.468315,0.473083
107,32,1.386739,0.786803,0.460228,0.457845
107,33,1.404433,0.781338,0.454268,0.450694
107,34,1.351534,0.791144,0.462577,0.454759
107,35,1.386135,0.775942,0.457555,0.452235
107,36,1.379587,0.771811,0.457960,0.453368
107,37,1.382077,0.755190,0.461288,0.460425
107,38,1.377717,0.752666,0.463569,0.465571
107,39,1.397434,0.742906,0.466938,0.465330
107,40,1.367637,0.738933,0.476911,0.472163
107,41,1.372037,0.737737,0.476524,0.473658
107,42,1.378546,0.735716,0.476100,0.474808
107,43,1.378893,0.731648,0.477127,0.476189
107,44,1.373274,0.729047,0.484469,0.475334
107,45,1.381395,0.730484,0.483926,0.478771
107,46,1.373408,0.726853,0.487796,0.481022
107,47,1.386909,0.716226,0.484808,0.484215
107,48,1.381667,0.718203,0.489441,0.488364
107,49,1.389315,0.717077,0.489128,0.489210
108,1,1.384311,0.715811,0.490851,0.489021
108,2,1.379333,0.715725,0.495178,0.489398
108,3,1.377621,0.728015,0.492583,0.484397
108,4,1.379205,0.736677,0.486533,0.481281
108,5,1.369021,0.740742,0.487146,0.478297
108,6,1.374437,0.737311,0.482287,0.475163
108,7,1.369015,0.740907,0.483579,0.474468
108,8,1.369251,0.740994,0.480280,0.473772
108,9,1.371611,0.750539,0.477249,0.470667
108,10,1.387105,0.743992,0.476361,0.469254
108,11,1.374852,0.734986,0.481674,0.472143
108,12,1.367032,0.733368,0.487939,0.477416
108,13,1.372110,0.732461,0.484815,0.478267
108,14,1.369588,0.735333,0.488707,0.478375
108,15,1.367592,0.735800,0.489533,0.478464
108,16,1.364032,0.735980,0.489842,0.477576
108,17,1.384040,0.743384,0.478418,0.478718
108,18,1.389794,0.738334,0.480527,0.477243
108,19,1.388272,0.738856,0.480489,0.480682
108,20,1.396728,0.734292,0.479705,0.485729
108,21,1.400887,0.742207,0.476203,0.485654
108,22,1.389293,0.747567,0.475071,0.480230
108,23,1.377968,0.755455,0.474152,0.471176
108,24,1.366837,0.767815,0.476854,0.467761
108,25,1.365117,0.765427,0.487126,0.464952
108,26,1.357401,0.751228,0.489312,0.472477
108,27,1.375861,0.730100,0.493833,0.485588
108,28,1.365464,0.713652,0.510543,0.497003
108,29,1.386840,0.709952,0.505411,0.503125
108,30,1.386333,0.721564,0.505633,0.502964
108,31,1.389814,0.727610,0.490252,0.491798
108,32,1.383949,0.731726,0.496787,0.492599
108,33,1.390653,0.751596,0.480742,0.484119
108,34,1.405074,0.754857,0.462778,0.474124
108,35,1.385417,0.769055,0.466232,0.470448
108,36,1.374137,0.785264,0.456193,0.463219
108,37,1.393985,0.780854,0.455620,0.454801
108,38,1.368994,0.787465,0.455381,0.451757
108,39,1.372572,0.788277,0.455869,0.449095
108,40,1.388412,0.785025,0.455333,0.448080
108,41,1.380271,0.772037,0.461326,0.453494
108,42,1.379926,0.758387,0.465448,0.457511
108,43,1.357450,0.757351,0.478027,0.463252
108,44,1.359187,0.751217,0.476732,0.467237
108,45,1.364548,0.747786,0.486466,0.469187
108,46,1.375139,0.740131,0.482238,0.473826
108,47,1.384588,0.718226,0.491775,0.481433
108,48,1.386157,0.706068,0.490907,0.493339
108,49,1.373425,0.691636,0.508320,0.502355
109,1,1.409483,0.688082,0.499872,0.509408
109,2,1.413759,0.682959,0.498243,0.519511
109,3,1.416551,0.697997,0.498682,0.510362
109,4,1.407055,0.709844,0.490640,0.502605
109,5,1.376842,0.721651,0.490548,0.489555
109,6,1.382212,0.736480,0.485302,0.480654
109,7,1.370440,0.745810,0.484979,0.479148
109,8,1.367337,0.759807,0.481025,0.471640
109,9,1.359506,0.775305,0.476775,0.462424
109,10,1.338429,0.791240,0.475063,0.455553
109,11,1.359567,0.804507,0.468801,0.452201
109,12,1.366015,0.802401,0.456823,0.446232
109,13,1.382781,0.777329,0.457081,0.450805
109,14,1.394192,0.753027,0.460853,0.462715
109,15,1.412311,0.739348,0.460564,0.473870
109,16,1.396073,0.728459,0.473292,0.479056
109,17,1.407421,0.725884,0.469252,0.481554
109,18,1.391720,0.729516,0.480074,0.482516
109,19,1.387742,0.722643,0.481347,0.480020
109,20,1.379513,0.723646,0.484293,0.481374
109,21,1.376852,0.725014,0.486382,0.480035
109,22,1.375763,0.729659,0.487451,0.483097
109,23,1.376095,0.733018,0.487750,0.479801
109,24,1.365009,0.737300,0.490735,0.478161
109,25,1.367412,0.735805,0.488803,0.476589
109,26,1.362164,0.738045,0.489786,0.475524
109,27,1.365943,0.743869,0.491414,0.478042
109,28,1.373694,0.735041,0.489417,0.478170
109,29,1.373656,0.725846,0.496561,0.481383
109,30,1.386842,0.716390,0.490036,0.494534
109,31,1.387209,0.710059,0.494760,0.497156
109,32,1.382938,0.714976,0.493303,0.491704
109,33,1.404970,0.725980,0.478489,0.489291
109,34,1.387689,0.736404,0.478810,0.481066
109,35,1.377784,0.742589,0.479663,0.476436
109,36,1.369926,0.747851,0.485146,0.473948
109,37,1.355573,0.755590,0.483654,0.470422
109,38,1.356074,0.760571,0.485637,0.465840
109,39,1.352651,0.758086,0.489855,0.465839
109,40,1.345584,0.757181,0.490741,0.467644
109,41,1.350856,0.757473,0.492811,0.475645
109,42,1.384304,0.723143,0.486547,0.484704
109,43,1.398256,0.702946,0.489583,0.495360
109,44,1.419242,0.696080,0.484243,0.503959
109,45,1.425399,0.698922,0.488530,0.508676
109,46,1.408699,0.700153,0.493831,0.503644
109,47,1.405244,0.707109,0.487914,0.499377
109,48,1.389700,0.717065,0.489334,0.492163
109,49,1.395188,0.731223,0.482049,0.485931
110,1,1.381694,0.738130,0.483339,0.481155
110,2,1.376572,0.747967,0.478469,0.476351
110,3,1.368211,0.760260,0.480067,0.470402
110,4,1.360319,0.766813,0.477877,0.465233
110,5,1.358523,0.779234,0.473918,0.457725
110,6,1.342449,0.793103,0.468583,0.455088
110,7,1.354651,0.814501,0.474834,0.447395
110,8,1.389917,0.790904,0.460936,0.449400
110,9,1.412961,0.768125,0.452036,0.455708
110,10,1.422168,0.745936,0.457399,0.475857
110,11,1.387894,0.733347,0.475561,0.481301
110,12,1.381684,0.737873,0.477650,0.479000
110,13,1.386543,0.740171,0.479039,0.478019
110,14,1.389226,0.742128,0.475106,0.474197
110,15,1.392011,0.743574,0.473736,0.472620
110,16,1.370533,0.746783,0.479796,0.472128
110,17,1.361457,0.753669,0.481178,0.469486
110,18,1.350706,0.754438,0.480705,0.466082
110,19,1.361808,0.755250,0.482238,0.468025
110,20,1.351936,0.762236,0.480309,0.465397
110,21,1.358502,0.767701,0.475476,0.462986
110,22,1.372868,0.771570,0.473121,0.462303
110,23,1.357098,0.763886,0.475804,0.464646
110,24,1.387791,0.759835,0.470854,0.470512
110,25,1.396266,0.757953,0.466444,0.469439
110,26,1.380607,0.751241,0.470361,0.467191
110,27,1.382636,0.748877,0.470840,0.473346
110,28,1.384890,0.742712,0.471409,0.471248
110,29,1.394029,0.738063,0.473349,0.475136
110,30,1.394752,0.737669,0.471355,0.475084
110,31,1.374479,0.736366,0.480382,0.474956
110,32,1.388916,0.732780,0.478917,0.479382
110,33,1.368603,0.736110,0.477387,0.477963
110,34,1.380858,0.739647,0.479430,0.476509
110,35,1.384897,0.740678,0.476478,0.476110
110,36,1.383549,0.743688,0.474401,0.473776
110,37,1.379999,0.750235,0.473534,0.474317
110,38,1.374856,0.750637,0.476409,0.469364
110,39,1.365962,0.765331,0.473250,0.465886
110,40,1.380098,0.761442,0.469433,0.464838
110,41,1.383266,0.765273,0.468735,0.462339
110,42,1.383393,0.761776,0.470084,0.463124
110,43,1.370176,0.759851,0.471488,0.463859
110,44,1.367514,0.754246,0.474545,0.465315
110,45,1.374562,0.755061,0.472539,0.466154
110,46,1.383250,0.750991,0.471044,0.469755
110,47,1.401695,0.740100,0.471734,0.474499
110,48,1.384926,0.725895,0.483011,0.481341
110,49,1.387238,0.723898,0.480169,0.484228
111,1,1.398507,0.722741,0.477232,0.484230
111,2,1.379556,0.725873,0.486329,0.483423
111,3,1.378354,0.737247,0.485331,0.480016
111,4,1.373195,0.745394,0.484926,0.474001
111,5,1.363136,0.750801,0.489910,0.471900
111,6,1.347683,0.751309,0.491719,0.470110
111,7,1.356155,0.753580,0.490301,0.468458
111,8,1.363949,0.738461,0.488749,0.474157
111,9,1.366198,0.739058,0.497322,0.481373
111,10,1.374905,0.732090,0.493668,0.487893
111,11,1.376206,0.737637,0.494733,0.485922
111,12,1.386641,0.745241,0.482922,0.486427
111,13,1.387879,0.755332,0.473134,0.475358
111,14,1.395905,0.754598,0.469205,0.473346
111,15,1.380321,0.757556,0.469876,0.469711
111,16,1.384819,0.760135,0.467120,0.466514
111,17,1.384247,0.761406,0.465588,0.464532
111,18,1.388440,0.756447,0.463960,0.467268
111,19,1.384829,0.761791,0.466817,0.467801
111,20,1.387051,0.755411,0.462594,0.464350
111,21,1.388558,0.754539,0.465044,0.465583
111,22,1.376019,0.758474,0.467436,0.466175
111,23,1.376676,0.765436,0.464242,0.463137
111,24,1.369243,0.769298,0.464139,0.460146
111,25,1.363554,0.776513,0.464105,0.455483
111,26,1.379501,0.785120,0.462778,0.452462
111,27,1.377927,0.792116,0.459102,0.449372
111,28,1.366094,0.790640,0.454972,0.450789
111,29,1.364427,0.796898,0.455576,0.449123
111,30,1.361845,0.802606,0.453596,0.445025
111,31,1.384621,0.795291,0.448961,0.443753
111,32,1.387167,0.778486,0.445187,0.447315
111,33,1.390117,0.762505,0.451200,0.457119
111,34,1.374457,0.752090,0.468286,0.462915
111,35,1.403462,0.741392,0.461629,0.468520
111,36,1.385716,0.737653,0.469566,0.473596
111,37,1.382817,0.733361,0.477188,0.474249
111,38,1.377209,0.728410,0.481172,0.477361
111,39,1.376569,0.728284,0.486680,0.481780
111,40,1.369198,0.721255,0.488699,0.481046
111,41,1.373779,0.719391,0.491395,0.484432
111,42,1.364516,0.719584,0.499238,0.486571
111,43,1.368664,0.710606,0.498382,0.488384
111,44,1.379391,0.709977,0.497615,0.492013
111,45,1.370868,0.709737,0.502116,0.491436
111,46,1.365837,0.711259,0.505895,0.493372
111,47,1.368137,0.710499,0.505004,0.492267
111,48,1.383884,0.715894,0.494949,0.493678
111,49,1.387506,0.719872,0.492455,0.490337
112,1,1.375061,0.726689,0.499065,0.490327
112,2,1.381300,0.735956,0.492067,0.488685
112,3,1.378144,0.749258,0.483565,0.482988
112,4,1.375516,0.755673,0.476533,0.470179
112,5,1.373894,0.768423,0.469503,0.465539
112,6,1.383654,0.772031,0.469416,0.457982
112,7,1.377561,0.764764,0.467366,0.457982
112,8,1.374167,0.763483,0.468424,0.463964
112,9,1.366226,0.763115,0.469947,0.463651
112,10,1.366406,0.770267,0.467154,0.461137
112,11,1.384991,0.773248,0.459473,0.458880
112,12,1.366836,0.785727,0.461506,0.458597
112,13,1.390952,0.773890,0.458885,0.456170
112,14,1.392088,0.756770,0.461565,0.457305
112,15,1.386073,0.741948,0.470322,0.469829
112,16,1.377748,0.739111,0.474845,0.475348
112,17,1.388105,0.741553,0.473211,0.477552
112,18,1.401394,0.735477,0.476664,0.474798
112,19,1.377549,0.739071,0.482832,0.479929
112,20,1.388854,0.741612,0.475460,0.475722
112,21,1.375909,0.742103,0.484189,0.473844
112,22,1.375616,0.746769,0.483509,0.472841
112,23,1.371647,0.745281,0.482149,0.470951
112,24,1.366320,0.739095,0.484152,0.470629
112,25,1.362978,0.742151,0.489022,0.479856
112,26,1.366704,0.747114,0.489109,0.477651
112,27,1.375598,0.726546,0.486808,0.478146
112,28,1.384397,0.722866,0.488856,0.487572
112,29,1.376025,0.719719,0.496147,0.488323
112,30,1.376396,0.719008,0.495134,0.489645
112,31,1.370489,0.717459,0.499634,0.488049
112,32,1.372168,0.724993,0.495343,0.485070
112,33,1.376494,0.729687,0.489495,0.482996
112,34,1.379742,0.730987,0.487415,0.482343
112,35,1.381806,0.738236,0.487997,0.481733
112,36,1.375436,0.738243,0.486155,0.479391
112,37,1.375484,0.752738,0.476939,0.477108
112,38,1.371113,0.760783,0.475643,0.471459
112,39,1.371238,0.782928,0.467437,0.463498
112,40,1.383086,0.794991,0.457319,0.452773
112,41,1.398006,0.778656,0.455821,0.448936
112,42,1.372078,0.783686,0.455898,0.454280
112,43,1.375209,0.782535,0.456063,0.451507
112,44,1.369361,0.777924,0.458128,0.453887
112,45,1.391646,0.767626,0.459777,0.458822
112,46,1.377350,0.769557,0.462847,0.461109
112,47,1.382592,0.768899,0.459529,0.460027
112,48,1.385624,0.756873,0.462762,0.459134
112,49,1.385282,0.751500,0.466114,0.463900
113,1,1.385363,0.747095,0.473481,0.469505
113,2,1.364765,0.745079,0.478484,0.472822
113,3,1.379069,0.740610,0.479630,0.474790
113,4,1.375959,0.739184,0.481511,0.477268
113,5,1.383019,0.733363,0.478797,0.477827
113,6,1.387104,0.728955,0.484709,0.484237
113,7,1.388016,0.725251,0.486661,0.484374
113,8,1.386424,0.723401,0.488267,0.486424
113,9,1.390541,0.739329,0.484608,0.487733
113,10,1.370110,0.748929,0.484581,0.476710
113,11,1.373262,0.753910,0.483983,0.472897
113,12,1.373386,0.740643,0.480291,0.470307
113,13,1.371062,0.735254,0.487295,0.477692
113,14,1.367714,0.732298,0.486187,0.481392
113,15,1.378277,0.733992,0.484955,0.483232
113,16,1.389305,0.727865,0.477886,0.483635
113,17,1.392136,0.729099,0.478928,0.481372
113,18,1.381403,0.732136,0.480778,0.482129
113,19,1.394278,0.731460,0.477668,0.479809
113,20,1.384183,0.727953,0.483005,0.482413
113,21,1.369680,0.727082,0.487680,0.478680
113,22,1.380877,0.723809,0.489222,0.482932
113,23,1.369949,0.726174,0.490261,0.483156
113,24,1.377424,0.730564,0.491720,0.487832
113,25,1.370685,0.718503,0.498532,0.484955
113,26,1.395970,0.721096,0.492190,0.497480
113,27,1.403723,0.726790,0.487104,0.497581
113,28,1.391152,0.742109,0.480335,0.484289
113,29,1.385343,0.745039,0.477935,0.476291
113,30,1.390532,0.743486,0.478938,0.475598
113,31,1.382806,0.741200,0.475174,0.475763
113,32,1.386623,0.745698,0.473515,0.472971
113,33,1.370372,0.746062,0.478162,0.472014
113,34,1.378471,0.742207,0.478053,0.473030
113,35,1.370686,0.739242,0.480164,0.475324
113,36,1.378918,0.744864,0.476381,0.475509
113,37,1.383853,0.743504,0.473731,0.474867
113,38,1.393955,0.743058,0.469097,0.474511
113,39,1.392617,0.735422,0.471289,0.473980
113,40,1.388323,0.729634,0.477470,0.476223
113,41,1.381235,0.732242,0.479311,0.477706
113,42,1.376786,0.729180,0.483073,0.479830
113,43,1.375973,0.730034,0.487799,0.481181
113,44,1.371055,0.728810,0.486901,0.481011
113,45,1.368287,0.729996,0.489322,0.477185
113,46,1.366594,0.735378,0.486602,0.477237
113,47,1.376100,0.741463,0.480514,0.476723
113,48,1.371424,0.742739,0.480700,0.477861
113,49,1.364484,0.743244,0.486347,0.472705
114,1,1.369107,0.746904,0.480115,0.474568
114,2,1.365303,0.751683,0.477748,0.471358
114,3,1.363385,0.752699,0.477466,0.471742
114,4,1.375607,0.751499,0.473433,0.469551
114,5,1.382461,0.748038,0.476240,0.470305
114,6,1.384851,0.754869,0.468343,0.467072
114,7,1.388911,0.761730,0.467548,0.468027
114,8,1.375913,0.770950,0.469617,0.458183
114,9,1.374382,0.786419,0.464506,0.455498
114,10,1.374746,0.798849,0.462634,0.453798
114,11,1.390818,0.789265,0.457122,0.446796
114,12,1.377428,0.789323,0.458682,0.449766
114,13,1.379566,0.787294,0.459661,0.453226
114,14,1.379261,0.782406,0.456376,0.450465
114,15,1.366904,0.786279,0.458380,0.450068
114,16,1.369659,0.787647,0.456590,0.448109
114,17,1.363451,0.797059,0.452067,0.446838
114,18,1.399012,0.784091,0.445816,0.448304
114,19,1.370860,0.769309,0.456615,0.453400
114,20,1.392619,0.757686,0.459903,0.457890
114,21,1.371839,0.750018,0.470689,0.465289
114,22,1.381742,0.742121,0.478272,0.470558
114,23,1.370691,0.725595,0.487661,0.478725
114,24,1.368231,0.713997,0.497572,0.486827
114,25,1.386217,0.711114,0.497041,0.496704
114,26,1.379082,0.705508,0.499157,0.496236
114,27,1.376413,0.702439,0.505463,0.498407
114,28,1.385152,0.713313,0.504436,0.502021
114,29,1.384100,0.726617,0.494840,0.493619
114,30,1.370286,0.748603,0.492524,0.486949
114,31,1.366122,0.762246,0.485256,0.471993
114,32,1.364771,0.769170,0.481054,0.465870
114,33,1.356597,0.759432,0.480584,0.462630
114,34,1.373368,0.750370,0.485632,0.467589
114,35,1.368247,0.736063,0.484731,0.474296
114,36,1.386253,0.731013,0.484003,0.484322
114,37,1.369771,0.726843,0.492177,0.483431
114,38,1.374759,0.735227,0.491673,0.486202
114,39,1.370101,0.738014,0.484482,0.479095
114,40,1.368343,0.735939,0.486632,0.475932
114,41,1.369289,0.751712,0.481244,0.475485
114,42,1.363649,0.760017,0.482294,0.471931
114,43,1.365869,0.763724,0.483530,0.469202
114,44,1.368113,0.760485,0.477782,0.464703
114,45,1.364740,0.768357,0.472370,0.465820
114,46,1.382782,0.778760,0.465764,0.463662
114,47,1.377499,0.775000,0.461415,0.461109
114,48,1.388355,0.773330,0.461740,0.462183
114,49,1.398263,0.761762,0.457088,0.462894
115,1,1.382622,0.761564,0.462087,0.464460
115,2,1.374513,0.768542,0.464520,0.463422
115,3,1.374238,0.768487,0.466606,0.460536
115,4,1.381178,0.768620,0.463379,0.459753
115,5,1.376479,0.756803,0.469205,0.461334
115,6,1.386419,0.748405,0.476431,0.466249
115,7,1.370571,0.737288,0.481689,0.472346
115,8,1.371737,0.734003,0.486454,0.476394
115,9,1.385412,0.734520,0.480803,0.484184
115,10,1.380933,0.729829,0.485866,0.484419
115,11,1.372813,0.742800,0.487078,0.483873
115,12,1.381037,0.753743,0.480617,0.475964
115,13,1.390153,0.749212,0.474883,0.472339
115,14,1.378250,0.743313,0.479490,0.472185
115,15,1.386805,0.735388,0.478247,0.473448
115,16,1.387367,0.735190,0.476554,0.479613
115,17,1.370983,0.743711,0.485096,0.480580
115,18,1.377122,0.758589,0.478999,0.478633
115,19,1.371528,0.772455,0.476294,0.471335
115,20,1.368730,0.767869,0.471182,0.462054
115,21,1.368491,0.783749,0.467023,0.456828
115,22,1.383993,0.776553,0.461230,0.456093
115,23,1.379008,0.772127,0.464131,0.460192
115,24,1.382258,0.768985,0.465762,0.461892
115,25,1.376141,0.763688,0.468218,0.466110
115,26,1.364731,0.763959,0.468859,0.464720
115,27,1.392017,0.779009,0.456046,0.460793
115,28,1.367833,0.786062,0.464200,0.458353
115,29,1.387875,0.786023,0.451846,0.455025
115,30,1.371292,0.781549,0.457562,0.451497
115,31,1.378883,0.781679,0.455797,0.449033
115,32,1.380382,0.782705,0.455232,0.450724
115,33,1.378211,0.774917,0.461160,0.451114
115,34,1.354288,0.773231,0.468546,0.455632
115,35,1.390895,0.759839,0.469245,0.459888
115,36,1.367902,0.744655,0.473301,0.467200
115,37,1.389909,0.734460,0.474358,0.476787
115,38,1.383998,0.727755,0.484817,0.481381
115,39,1.399810,0.724628,0.478570,0.487346
115,40,1.389762,0.728759,0.485079,0.485681
115,41,1.379843,0.746133,0.489809,0.486862
115,42,1.370957,0.761832,0.486460,0.476402
115,43,1.371289,0.757414,0.479987,0.471206
115,44,1.370978,0.758699,0.479813,0.471067
115,45,1.377430,0.747832,0.475330,0.471328
115,46,1.386297,0.743882,0.474666,0.472588
115,47,1.372229,0.737162,0.481492,0.476831
115,48,1.372487,0.729768,0.485051,0.478200
115,49,1.379726,0.728918,0.486821,0.479474
116,1,1.381090,0.722489,0.489090,0.484378
116,2,1.368953,0.713490,0.496446,0.487041
116,3,1.386849,0.705731,0.493607,0.497043
116,4,1.396425,0.714645,0.497890,0.501507
116,5,1.386801,0.714501,0.496373,0.494552
116,6,1.394025,0.723063,0.489012,0.492436
116,7,1.383806,0.731263,0.490177,0.487910
116,8,1.379223,0.746645,0.484380,0.482307
116,9,1.370124,0.764034,0.479366,0.474394
116,10,1.372719,0.779544,0.469663,0.465428
116,11,1.396185,0.769024,0.462333,0.456110
116,12,1.377102,0.759256,0.466362,0.460970
116,13,1.381193,0.751513,0.469687,0.466914
116,14,1.379177,0.747778,0.474278,0.468449
116,15,1.370948,0.743511,0.480844,0.470250
116,16,1.373439,0.734942,0.482302,0.474413
116,17,1.372739,0.731128,0.487746,0.478926
116,18,1.367444,0.728516,0.493254,0.483670
116,19,1.375307,0.723900,0.486736,0.486519
116,20,1.399023,0.725573,0.486343,0.490114
116,21,1.380750,0.734276,0.484278,0.484940
116,22,1.391800,0.739983,0.476236,0.481016
116,23,1.374969,0.752787,0.476211,0.472289
116,24,1.370124,0.765212,0.476074,0.467410
116,25,1.370738,0.773373,0.470079,0.463183
116,26,1.353049,0.776115,0.471554,0.459604
116,27,1.367794,0.785168,0.464435,0.456733
116,28,1.371837,0.780958,0.464030,0.455354
116,29,1.365715,0.771141,0.470314,0.459135
116,30,1.380760,0.758962,0.468471,0.460733
116,31,1.373458,0.745018,0.474072,0.469027
116,32,1.380682,0.743662,0.474983,0.472298
116,33,1.394250,0.737963,0.471783,0.474932
116,34,1.393829,0.735564,0.472958,0.478134
116,35,1.387725,0.736027,0.477706,0.478315
116,36,1.369630,0.742316,0.482382,0.478226
116,37,1.370378,0.737420,0.482121,0.473663
116,38,1.373304,0.751158,0.476807,0.474584
116,39,1.371992,0.757756,0.474066,0.466209
116,40,1.378465,0.760372,0.470204,0.466858
116,41,1.384856,0.766195,0.468718,0.465400
116,42,1.368599,0.764073,0.472325,0.465534
116,43,1.383566,0.777353,0.463905,0.462076
116,44,1.383247,0.777961,0.460080,0.459252
116,45,1.368979,0.792445,0.458509,0.456219
116,46,1.383630,0.788847,0.452963,0.453066
116,47,1.379929,0.777057,0.451908,0.450914
116,48,1.391056,0.770406,0.455983,0.453053
116,49,1.386501,0.761298,0.456216,0.456909
117,1,1.381755,0.755267,0.463114,0.462197
117,2,1.384158,0.746983,0.467782,0.465956
117,3,1.385025,0.743977,0.469601,0.470991
117,4,1.380405,0.737520,0.478434,0.471750
117,5,1.373716,0.729055,0.481627,0.477223
117,6,1.378947,0.728164,0.483667,0.481998
117,7,1.377355,0.727411,0.485155,0.481391
117,8,1.378203,0.727159,0.484037,0.481185
117,9,1.367997,0.734989,0.487497,0.478325
117,10,1.374090,0.738675,0.485130,0.476229
117,11,1.371162,0.738887,0.486570,0.475036
117,12,1.359824,0.740583,0.488611,0.476201
117,13,1.368220,0.747877,0.485378,0.475236
117,14,1.372044,0.744745,0.480897,0.470185
117,15,1.370911,0.742483,0.486138,0.472044
117,16,1.381106,0.740017,0.484309,0.474012
117,17,1.362567,0.740066,0.489519,0.475837
117,18,1.367807,0.740754,0.487638,0.475562
117,19,1.369321,0.740413,0.486460,0.476381
117,20,1.351716,0.749282,0.493260,0.474168
117,21,1.364423,0.751909,0.482102,0.472496
117,22,1.372158,0.746992,0.481443,0.472025
117,23,1.365720,0.749925,0.476997,0.469072
117,24,1.376199,0.754059,0.473602,0.469282
117,25,1.377302,0.755396,0.473102,0.467574
117,26,1.386161,0.733235,0.474715,0.471354
117,27,1.368949,0.720397,0.489851,0.482678
117,28,1.372718,0.700838,0.499111,0.488307
117,29,1.369546,0.683430,0.508365,0.499996
117,30,1.377523,0.671050,0.526966,0.515908
117,31,1.387718,0.686371,0.536071,0.520764
117,32,1.392217,0.702948,0.520162,0.518416
117,33,1.384532,0.730715,0.510973,0.506243
117,34,1.387834,0.747165,0.489059,0.488800
117,35,1.380712,0.750940,0.480347,0.473929
117,36,1.394576,0.747247,0.470634,0.470132
117,37,1.389178,0.748902,0.471035,0.471840
117,38,1.387761,0.744280,0.473712,0.476009
117,39,1.374997,0.745497,0.477073,0.471346
117,40,1.374581,0.757165,0.471072,0.470252
117,41,1.381692,0.753709,0.471922,0.469334
117,42,1.373119,0.756064,0.475129,0.465835
117,43,1.387794,0.751417,0.469927,0.467760
117,44,1.384059,0.747989,0.470546,0.466453
117,45,1.382549,0.759886,0.471073,0.473903
117,46,1.382751,0.775361,0.466279,0.467873
117,47,1.393643,0.777136,0.462861,0.461322
117,48,1.389196,0.767642,0.461245,0.458105
117,49,1.379459,0.778376,0.461232,0.458716
118,1,1.370903,0.782437,0.460984,0.452904
118,2,1.362353,0.792427,0.459590,0.451505
118,3,1.388626,0.783319,0.457918,0.450351
118,4,1.359504,0.781936,0.460176,0.453623
118,5,1.358146,0.788238,0.459962,0.450990
118,6,1.372910,0.780545,0.457096,0.449899
118,7,1.359336,0.782245,0.460839,0.451848
118,8,1.375761,0.775939,0.461430,0.451802
118,9,1.366428,0.773517,0.469396,0.452453
118,10,1.349036,0.768515,0.481198,0.456235
118,11,1.353237,0.753373,0.482830,0.462257
118,12,1.352540,0.733701,0.494201,0.472855
118,13,1.356358,0.727522,0.510755,0.493584
118,14,1.395467,0.728149,0.498475,0.501287
118,15,1.396719,0.729539,0.487768,0.496091
118,16,1.405894,0.741630,0.478548,0.490084
118,17,1.382609,0.762130,0.481211,0.479267
118,18,1.334573,0.766633,0.497410,0.465087
118,19,1.359608,0.761732,0.495507,0.473780
118,20,1.382555,0.747185,0.495622,0.492691
118,21,1.395949,0.739776,0.490571,0.495438
118,22,1.395800,0.733893,0.477191,0.484381
118,23,1.407491,0.733317,0.471618,0.482985
118,24,1.405851,0.743977,0.474329,0.487159
118,25,1.386528,0.767438,0.470072,0.476421
118,26,1.368824,0.774023,0.470716,0.461303
118,27,1.388031,0.780542,0.464444,0.462458
118,28,1.380835,0.772761,0.462224,0.459511
118,29,1.379922,0.764658,0.460163,0.464541
118,30,1.387350,0.768326,0.462516,0.463772
118,31,1.384279,0.764170,0.460750,0.458468
118,32,1.379044,0.775092,0.457707,0.458833
118,33,1.387051,0.776057,0.456483,0.454012
118,34,1.399595,0.774737,0.450850,0.459081
118,35,1.380140,0.769982,0.457485,0.456853
118,36,1.369679,0.774696,0.463834,0.458070
118,37,1.371200,0.776490,0.461346,0.455753
118,38,1.370754,0.786596,0.460250,0.456090
118,39,1.373967,0.774915,0.456666,0.450181
118,40,1.379673,0.770638,0.460440,0.455635
118,41,1.378474,0.762156,0.464185,0.458201
118,42,1.364494,0.750513,0.474014,0.462100
118,43,1.370194,0.742022,0.477919,0.468956
118,44,1.377998,0.744029,0.478982,0.475890
118,45,1.377141,0.739098,0.479955,0.473465
118,46,1.367069,0.736832,0.486002,0.474209
118,47,1.388036,0.739676,0.479099,0.474103
118,48,1.374713,0.734521,0.483121,0.475179
118,49,1.373495,0.737329,0.485277,0.476427
119,1,1.362017,0.739782,0.485303,0.473193
119,2,1.360834,0.753712,0.486316,0.474345
119,3,1.364747,0.767537,0.476127,0.466857
119,4,1.377626,0.760218,0.468465,0.461954
119,5,1.376018,0.745868,0.475231,0.468893
119,6,1.373719,0.735990,0.482534,0.475187
119,7,1.368405,0.728806,0.494865,0.481323
119,8,1.384100,0.721731,0.485306,0.482367
119,9,1.397017,0.703240,0.488133,0.490647
119,10,1.396229,0.698354,0.494968,0.500326
119,11,1.396018,0.702678,0.495463,0.501056
119,12,1.388392,0.704006,0.497428,0.498833
119,13,1.387674,0.703855,0.498174,0.496364
119,14,1.382896,0.708207,0.499345,0.497452
119,15,1.385809,0.708583,0.496055,0.493060
119,16,1.385196,0.711852,0.496397,0.496539
119,17,1.387540,0.723556,0.491904,0.493442
119,18,1.374308,0.728219,0.490903,0.485939
119,19,1.375957,0.740997,0.489495,0.484878
119,20,1.379408,0.744703,0.481347,0.476891
119,21,1.384376,0.747276,0.475934,0.476289
119,22,1.380847,0.748939,0.475953,0.473230
119,23,1.383183,0.750677,0.472119,0.468965
119,24,1.368898,0.760322,0.473350,0.470134
119,25,1.387093,0.761379,0.469452,0.467994
119,26,1.398325,0.759250,0.462070,0.469290
119,27,1.378759,0.761225,0.466807,0.466554
119,28,1.365741,0.768091,0.471140,0.463219
119,29,1.376136,0.771004,0.465792,0.464280
119,30,1.390231,0.765501,0.460416,0.461612
119,31,1.378968,0.765966,0.465601,0.463580
119,32,1.372816,0.761840,0.472965,0.462973
119,33,1.381996,0.756165,0.469229,0.463859
119,34,1.381459,0.743512,0.467461,0.467592
119,35,1.378262,0.743898,0.478394,0.471129
119,36,1.372718,0.738145,0.480609,0.476944
119,37,1.363585,0.740676,0.486227,0.472803
119,38,1.379494,0.733911,0.479554,0.477128
119,39,1.374281,0.732637,0.486279,0.479081
119,40,1.374936,0.723521,0.487430,0.478756
119,41,1.373784,0.719522,0.491572,0.484307
119,42,1.376264,0.720191,0.493289,0.484669
119,43,1.379382,0.727665,0.492970,0.488627
119,44,1.376538,0.739822,0.490837,0.486262
119,45,1.370425,0.732040,0.490496,0.481835
119,46,1.370139,0.737311,0.493129,0.481211
119,47,1.376755,0.746277,0.488547,0.481506
119,48,1.370929,0.756362,0.485321,0.472519
119,49,1.356578,0.755777,0.485014,0.471759
120,1,1.367233,0.762142,0.471639,0.465493
120,2,1.376886,0.761108,0.473382,0.463631
120,3,1.384482,0.755152,0.472052,0.466396
120,4,1.357537,0.758443,0.476665,0.468502
120,5,1.380930,0.741881,0.472201,0.469656
120,6,1.393664,0.739760,0.473003,0.477227
120,7,1.398889,0.729137,0.473199,0.479997
120,8,1.394753,0.739467,0.474715,0.484576
120,9,1.394950,0.742164,0.473453,0.476754
120,10,1.385064,0.746152,0.479619,0.474439
120,11,1.372668,0.759524,0.475540,0.471974
120,12,1.363164,0.767428,0.470977,0.466289
120,13,1.356328,0.770879,0.476057,0.459671
120,14,1.375556,0.763428,0.470594,0.459952
120,15,1.381319,0.748872,0.467664,0.465445
120,16,1.390924,0.744899,0.473830,0.472603
120,17,1.378790,0.736908,0.479681,0.476725
120,18,1.381309,0.736837,0.479867,0.476654
120,19,1.367052,0.740938,0.482382,0.474440
120,20,1.375388,0.744587,0.477228,0.473928
120,21,1.374345,0.744519,0.483062,0.470020
120,22,1.361576,0.739131,0.484755,0.471625
120,23,1.363347,0.727646,0.493171,0.476856
120,24,1.352723,0.712071,0.503348,0.482375
120,25,1.360976,0.704887,0.514704,0.496832
120,26,1.390875,0.711701,0.523217,0.508093
120,27,1.373570,0.713823,0.512821,0.501052
120,28,1.386024,0.726837,0.505590,0.502269
120,29,1.387656,0.744443,0.499141,0.495245
120,30,1.376523,0.770948,0.481068,0.480194
120,31,1.363869,0.798518,0.463100,0.458554
120,32,1.378275,0.804439,0.453581,0.446381
120,33,1.386757,0.795943,0.448910,0.445731
120,34,1.379121,0.786174,0.452081,0.448166
120,35,1.368191,0.787884,0.456934,0.451615
120,36,1.379436,0.781903,0.453784,0.450017
120,37,1.377814,0.775227,0.455876,0.455039
120,38,1.384510,0.765650,0.458779,0.455863
120,39,1.386676,0.751493,0.464049,0.461155
120,40,1.376195,0.741460,0.477756,0.466877
120,41,1.376392,0.738785,0.475118,0.471870
120,42,1.374455,0.731307,0.485036,0.477295
120,43,1.381756,0.726500,0.484369,0.480864
120,44,1.376283,0.712480,0.493176,0.484076
120,45,1.392057,0.714769,0.494049,0.494713
120,46,1.378745,0.720528,0.495649,0.491296
120,47,1.373989,0.733498,0.493444,0.485694
120,48,1.360450,0.752625,0.486319,0.477454
120,49,1.369395,0.763980,0.479623,0.470374
121,1,1.374022,0.771193,0.472193,0.465843
121,2,1.374615,0.779713,0.466265,0.461391
121,3,1.363022,0.778805,0.462221,0.453791
121,4,1.360830,0.775498,0.469461,0.452100
121,5,1.373509,0.772988,0.462013,0.453541
121,6,1.384944,0.763451,0.459813,0.458495
121,7,1.371973,0.755829,0.468832,0.463684
121,8,1.378650,0.750256,0.468723,0.464631
121,9,1.365522,0.750410,0.477204,0.468260
121,10,1.380169,0.743487,0.475613,0.472538
121,11,1.377439,0.733245,0.483462,0.476751
121,12,1.385304,0.720493,0.486255,0.484925
121,13,1.387434,0.708201,0.490185,0.488120
121,14,1.389267,0.711851,0.496458,0.498497
121,15,1.392659,0.718104,0.490631,0.493021
121,16,1.388047,0.729288,0.491557,0.492618
121,17,1.370361,0.739516,0.493143,0.485259
121,18,1.378890,0.745310,0.484931,0.477004
121,19,1.361752,0.768372,0.487643,0.469902
121,20,1.364011,0.779805,0.475545,0.460940
121,21,1.373480,0.786839,0.470420,0.458352
121,22,1.359066,0.794062,0.467280,0.451445
121,23,1.365564,0.788369,0.462819,0.450741
121,24,1.373681,0.780170,0.468621,0.452482
121,25,1.360740,0.767549,0.465249,0.454398
121,26,1.359944,0.755037,0.475070,0.457623
121,27,1.370251,0.765728,0.470525,0.459053
121,28,1.376345,0.747162,0.474662,0.467580
121,29,1.390932,0.746677,0.474111,0.476554
121,30,1.367287,0.748395,0.483632,0.474363
121,31,1.387931,0.744791,0.476063,0.476019
121,32,1.374163,0.735269,0.481269,0.477636
121,33,1.382101,0.738873,0.478431,0.480310
121,34,1.381496,0.755151,0.481210,0.477745
121,35,1.379694,0.758243,0.475873,0.471515
121,36,1.364732,0.755348,0.477341,0.467043
121,37,1.372564,0.763962,0.475859,0.468751
121,38,1.371592,0.751680,0.480365,0.472352
121,39,1.381680,0.747373,0.478908,0.474539
121,40,1.383000,0.734850,0.479832,0.477685
121,41,1.378061,0.730763,0.485198,0.482113
121,42,1.395232,0.733136,0.481841,0.485954
121,43,1.389521,0.733324,0.482414,0.483663
121,44,1.365669,0.734594,0.486870,0.478501
121,45,1.362256,0.747951,0.489388,0.477616
121,46,1.380254,0.739722,0.478301,0.473284
121,47,1.360106,0.732691,0.484726,0.471290
121,48,1.367172,0.731964,0.490985,0.479502
121,49,1.364628,0.731544,0.496778,0.480898
122,1,1.385726,0.723718,0.496044,0.490660
122,2,1.379245,0.724329,0.492416,0.488579
122,3,1.397473,0.735249,0.491979,0.499415
122,4,1.379318,0.757157,0.479677,0.481493
122,5,1.374393,0.783933,0.473791,0.470127
122,6,1.382971,0.793625,0.458571,0.458160
122,7,1.379543,0.804705,0.453907,0.449368
122,8,1.375485,0.791657,0.451862,0.449126
122,9,1.385383,0.781632,0.451926,0.449555
122,10,1.375268,0.768777,0.460393,0.458530
122,11,1.376235,0.766879,0.462011,0.457644
122,12,1.375346,0.757145,0.469525,0.465226
122,13,1.371131,0.748703,0.477015,0.466077
122,14,1.379688,0.737855,0.479396,0.468551
122,15,1.362867,0.732865,0.491515,0.477213
122,16,1.354307,0.725355,0.504037,0.483033
122,17,1.364228,0.731378,0.502739,0.488188
122,18,1.373528,0.735790,0.496200,0.486754
122,19,1.376003,0.724414,0.494508,0.487120
122,20,1.391008,0.731455,0.486456,0.489916
122,21,1.390527,0.742177,0.478188,0.487274
122,22,1.396419,0.747749,0.472171,0.477002
122,23,1.395483,0.754798,0.468802,0.470888
122,24,1.377388,0.762670,0.474754,0.470500
122,25,1.376542,0.778516,0.469311,0.465579
122,26,1.365327,0.788006,0.466239,0.459773
122,27,1.367002,0.790456,0.465363,0.453482
122,28,1.365298,0.792754,0.463127,0.451864
122,29,1.377314,0.784098,0.459308,0.451825
122,30,1.365585,0.776311,0.456863,0.453250
122,31,1.374960,0.772299,0.460937,0.455867
122,32,1.374220,0.764480,0.464301,0.458770
122,33,1.373127,0.760131,0.467745,0.457667
122,34,1.360960,0.755900,0.471271,0.462515
122,35,1.379722,0.753454,0.472175,0.464818
122,36,1.359438,0.754457,0.481577,0.468805
122,37,1.375612,0.755363,0.475494,0.468040
122,38,1.372509,0.746903,0.479258,0.469320
122,39,1.368129,0.739786,0.481398,0.472629
122,40,1.379783,0.728759,0.485182,0.479193
122,41,1.380404,0.735454,0.489836,0.486713
122,42,1.379490,0.742611,0.480366,0.484617
122,43,1.394816,0.741398,0.474670,0.474871
122,44,1.385561,0.742586,0.475400,0.478403
122,45,1.375602,0.756473,0.476385,0.475190
122,46,1.374285,0.759486,0.467396,0.466781
122,47,1.387835,0.761391,0.466610,0.465346
122,48,1.379111,0.758261,0.466634,0.465968
122,49,1.366780,0.763122,0.471403,0.466345
123,1,1.385419,0.760330,0.466355,0.465483
123,2,1.382632,0.758861,0.466586,0.462910
123,3,1.379294,0.752337,0.474092,0.467936
123,4,1.384395,0.736815,0.475898,0.468703
123,5,1.366982,0.727801,0.485244,0.475854
123,6,1.356150,0.731229,0.496104,0.481730
123,7,1.367171,0.738016,0.491767,0.481442
123,8,1.363877,0.744540,0.491522,0.477244
123,9,1.365222,0.756562,0.484453,0.474237
123,10,1.360612,0.755797,0.482483,0.470430
123,11,1.372822,0.767932,0.476260,0.469959
123,12,1.385135,0.752650,0.474056,0.465347
123,13,1.372460,0.737874,0.480601,0.473206
123,14,1.379524,0.741986,0.481511,0.482174
123,15,1.378527,0.748172,0.483429,0.475620
123,16,1.350953,0.740030,0.486972,0.475270
123,17,1.379024,0.748636,0.477927,0.472607
123,18,1.378954,0.751459,0.479299,0.473502
123,19,1.410860,0.750950,0.467070,0.478034
123,20,1.411889,0.738705,0.467671,0.474729
123,21,1.386704,0.742242,0.472263,0.475406
123,22,1.387590,0.756776,0.471628,0.473710
123,23,1.382483,0.767466,0.465624,0.466708
123,24,1.370206,0.777346,0.466855,0.460160
123,25,1.376963,0.785041,0.460242,0.456292
123,26,1.378968,0.772269,0.457398,0.450649
123,27,1.362252,0.777124,0.469300,0.456909
123,28,1.366277,0.771455,0.472821,0.458264
123,29,1.382861,0.773222,0.461978,0.457139
123,30,1.386776,0.777751,0.467436,0.461316
123,31,1.392886,0.777445,0.461877,0.458872
123,32,1.378971,0.777199,0.457612,0.456540
123,33,1.381239,0.765802,0.453045,0.457261
123,34,1.378522,0.773163,0.461956,0.460632
123,35,1.367167,0.777848,0.459273,0.456836
123,36,1.390467,0.777705,0.455244,0.454406
123,37,1.396130,0.771612,0.453257,0.454355
123,38,1.386971,0.764842,0.461147,0.459579
123,39,1.379962,0.757503,0.464463,0.464523
123,40,1.370108,0.754970,0.468943,0.463106
123,41,1.381356,0.755828,0.464919,0.465786
123,42,1.382301,0.752874,0.465393,0.466068
123,43,1.375311,0.750854,0.475828,0.467375
123,44,1.374273,0.746478,0.475689,0.467295
123,45,1.369594,0.740723,0.484970,0.472678
123,46,1.364702,0.735852,0.485457,0.475698
123,47,1.376295,0.739607,0.483974,0.480020
123,48,1.374255,0.735192,0.483744,0.476453
123,49,1.370025,0.729969,0.483679,0.476296
124,1,1.388728,0.728729,0.480215,0.482636
124,2,1.385887,0.725232,0.484180,0.483234
124,3,1.376625,0.727809,0.489847,0.482875
124,4,1.382092,0.732365,0.479106,0.478479
124,5,1.374038,0.742331,0.478785,0.476319
124,6,1.382949,0.745012,0.474910,0.473425
124,7,1.397607,0.752684,0.469071,0.471098
124,8,1.372671,0.754680,0.473908,0.468301
124,9,1.367697,0.757862,0.470066,0.462506
124,10,1.376033,0.765473,0.465480,0.461729
124,11,1.380917,0.772907,0.465305,0.461464
124,12,1.378343,0.774074,0.462295,0.457595
124,13,1.376397,0.773645,0.462383,0.456287
124,14,1.367985,0.769758,0.463561,0.452989
124,15,1.380314,0.761281,0.465468,0.454944
124,16,1.378416,0.759831,0.463686,0.461171
124,17,1.369029,0.759878,0.467975,0.464052
124,18,1.375245,0.765508,0.470884,0.464970
124,19,1.369340,0.761877,0.474804,0.460851
124,20,1.367555,0.761787,0.472372,0.460535
124,21,1.368625,0.753468,0.474955,0.462428
124,22,1.373139,0.747846,0.478772,0.468971
124,23,1.380988,0.733320,0.481718,0.475237
124,24,1.387439,0.724101,0.485110,0.484863
124,25,1.392716,0.728866,0.484775,0.490817
124,26,1.382324,0.740877,0.483128,0.482721
124,27,1.384506,0.754130,0.473008,0.471024
124,28,1.376574,0.768658,0.473681,0.469624
124,29,1.396268,0.756853,0.465266,0.463293
124,30,1.382000,0.739904,0.470378,0.467224
124,31,1.365692,0.743510,0.479038,0.469730
124,32,1.368140,0.740677,0.479875,0.472152
124,33,1.366070,0.741050,0.482967,0.473548
124,34,1.380658,0.736631,0.478377,0.476003
124,35,1.367166,0.731286,0.488470,0.475164
124,36,1.367343,0.731873,0.493199,0.479667
124,37,1.366272,0.720227,0.495111,0.482579
124,38,1.395879,0.715160,0.485312,0.485897
124,39,1.368640,0.707139,0.500209,0.492874
124,40,1.382478,0.708590,0.504077,0.494793
124,41,1.374974,0.706320,0.503588,0.496373
124,42,1.387174,0.700871,0.493826,0.498871
124,43,1.380116,0.715066,0.506427,0.500407
124,44,1.390350,0.723319,0.494395,0.496133
124,45,1.375554,0.733367,0.493290,0.485088
124,46,1.377457,0.765097,0.481606,0.479885
124,47,1.369149,0.766317,0.478653,0.468006
124,48,1.368712,0.786017,0.471618,0.462379
124,49,1.365012,0.790595,0.464002,0.451662
125,1,1.372550,0.783160,0.461598,0.448783
125,2,1.374858,0.776329,0.462305,0.455505
125,3,1.355580,0.783196,0.460529,0.455127
125,4,1.381557,0.766675,0.460614,0.455637
125,5,1.372756,0.775203,0.461019,0.459438
125,6,1.377754,0.766687,0.464917,0.459029
125,7,1.382999,0.765897,0.463827,0.460006
125,8,1.372571,0.753231,0.469318,0.465486
125,9,1.372975,0.744476,0.475934,0.466634
125,10,1.377469,0.736749,0.478911,0.476547
125,11,1.375238,0.727117,0.487235,0.475510
125,12,1.373150,0.724725,0.491666,0.484443
125,13,1.367187,0.731552,0.505015,0.488279
125,14,1.366739,0.734503,0.497294,0.487463
125,15,1.375221,0.730670,0.490074,0.484523
125,16,1.386688,0.744107,0.487309,0.487690
125,17,1.372139,0.764757,0.485640,0.479888
125,18,1.370471,0.780115,0.482034,0.468471
125,19,1.373601,0.778272,0.471114,0.464046
125,20,1.372931,0.760493,0.469480,0.461510
125,21,1.401791,0.745452,0.465855,0.468959
125,22,1.370569,0.745156,0.471726,0.470794
125,23,1.372168,0.750022,0.475734,0.473299
125,24,1.380589,0.762649,0.467376,0.467824
125,25,1.376056,0.765372,0.468926,0.464100
125,26,1.376826,0.766227,0.465665,0.462221
125,27,1.378077,0.767066,0.464063,0.456983
125,28,1.357210,0.776102,0.468815,0.457500
125,29,1.373185,0.766654,0.467007,0.456185
125,30,1.385180,0.761865,0.468219,0.460088
125,31,1.374864,0.745775,0.473255,0.463987
125,32,1.363634,0.738436,0.480205,0.469511
125,33,1.369999,0.725915,0.489813,0.479292
125,34,1.390801,0.729751,0.486103,0.490687
125,35,1.384610,0.736673,0.490036,0.487677
125,36,1.382303,0.745211,0.479354,0.479244
125,37,1.387350,0.760457,0.475635,0.473086
125,38,1.375196,0.766186,0.471398,0.466660
125,39,1.368218,0.778168,0.472603,0.460674
125,40,1.373021,0.771215,0.468392,0.459337
125,41,1.374853,0.770023,0.467029,0.460417
125,42,1.374411,0.772231,0.466620,0.464327
125,43,1.382056,0.776047,0.464167,0.466414
125,44,1.394614,0.764705,0.462518,0.458154
125,45,1.377710,0.768043,0.465878,0.460163
125,46,1.355072,0.766522,0.472777,0.462463
125,47,1.367910,0.764743,0.468372,0.458193
125,48,1.361772,0.762965,0.472276,0.460272
125,49,1.382003,0.738839,0.476293,0.465888
126,1,1.380645,0.734996,0.483555,0.478807
126,2,1.361829,0.724410,0.493258,0.479388
126,3,1.370796,0.723468,0.492970,0.484500
126,4,1.372438,0.728986,0.495916,0.487385
126,5,1.362314,0.726110,0.497292,0.483538
126,6,1.377820,0.716265,0.502853,0.493420
126,7,1.397350,0.720935,0.485258,0.495939
126,8,1.394700,0.731527,0.485561,0.491076
126,9,1.402299,0.753064,0.470768,0.482903
126,10,1.382946,0.766969,0.470506,0.470974
126,11,1.385587,0.778816,0.460922,0.466368
126,12,1.377318,0.789309,0.457895,0.455916
126,13,1.372667,0.790597,0.458631,0.450335
126,14,1.372161,0.780182,0.459508,0.454030
126,15,1.377028,0.776992,0.456915,0.454802
126,16,1.369518,0.775338,0.457209,0.457651
126,17,1.372651,0.775242,0.460085,0.456702
126,18,1.370679,0.774241,0.461998,0.455301
126,19,1.363703,0.777485,0.464320,0.454454
126,20,1.369675,0.771431,0.472941,0.455324
126,21,1.357969,0.758661,0.484190,0.461392
126,22,1.359611,0.743137,0.484638,0.468441
126,23,1.374405,0.728182,0.488136,0.481419
126,24,1.370810,0.733740,0.492229,0.486157
126,25,1.379545,0.729196,0.484178,0.483953
126,26,1.385293,0.734769,0.480974,0.482531
126,27,1.381929,0.744406,0.473967,0.478061
126,28,1.392535,0.753526,0.474350,0.477881
126,29,1.378305,0.761072,0.465141,0.465942
126,30,1.391373,0.762347,0.464991,0.467885
126,31,1.378492,0.778854,0.460024,0.462396
126,32,1.359662,0.800267,0.460813,0.452243
126,33,1.375821,0.807281,0.451397,0.439890
126,34,1.380922,0.820361,0.449118,0.440394
126,35,1.362238,0.822851,0.448857,0.438653
126,36,1.389113,0.802375,0.449785,0.436068
126,37,1.368999,0.793538,0.453589,0.445279
126,38,1.353398,0.782959,0.461754,0.450912
126,39,1.429334,0.756391,0.450711,0.454341
126,40,1.387014,0.747223,0.466711,0.467608
126,41,1.385053,0.741328,0.473655,0.473765
126,42,1.384402,0.745399,0.474752,0.476955
126,43,1.386085,0.742128,0.471463,0.470904
126,44,1.371006,0.744001,0.475285,0.474305
126,45,1.394206,0.740788,0.468617,0.473939
126,46,1.388243,0.734300,0.476361,0.477054
126,47,1.387423,0.734416,0.477054,0.479418
126,48,1.379446,0.733351,0.480995,0.479001
126,49,1.376656,0.736676,0.479786,0.478162
127,1,1.372625,0.740573,0.484238,0.476661
127,2,1.376020,0.739871,0.479717,0.474042
127,3,1.380327,0.737272,0.478698,0.473408
127,4,1.373711,0.741403,0.482394,0.474783
127,5,1.369232,0.730497,0.486283,0.479741
127,6,1.376239,0.734491,0.483919,0.477670
127,7,1.384996,0.740693,0.479285,0.480334
127,8,1.392982,0.741047,0.477950,0.478294
127,9,1.376203,0.746578,0.479183,0.476307
127,10,1.384599,0.760084,0.474521,0.472422
127,11,1.386100,0.764535,0.468387,0.465918
127,12,1.371982,0.773763,0.468209,0.462789
127,13,1.372745,0.773841,0.461969,0.458548
127,14,1.412889,0.760697,0.461458,0.458964
127,15,1.373172,0.749409,0.467789,0.466541
127,16,1.383017,0.743771,0.471954,0.469782
127,17,1.382218,0.740604,0.471748,0.471444
127,18,1.385521,0.737600,0.472954,0.473995
127,19,1.374176,0.731043,0.478320,0.477194
127,20,1.384220,0.726871,0.480410,0.478413
127,21,1.370876,0.728052,0.488084,0.480983
127,22,1.375985,0.724637,0.488108,0.480007
127,23,1.388637,0.722769,0.484001,0.483394
127,24,1.379250,0.719777,0.487586,0.485338
127,25,1.379398,0.724905,0.486232,0.483672
127,26,1.376171,0.731451,0.488170,0.482734
127,27,1.384353,0.730431,0.485826,0.480761
127,28,1.377771,0.733747,0.485811,0.478468
127,29,1.378322,0.734482,0.481528,0.477569
127,30,1.372967,0.744305,0.484314,0.478632
127,31,1.382868,0.753472,0.476253,0.471277
127,32,1.372505,0.753933,0.475524,0.466556
127,33,1.376996,0.756251,0.473512,0.468989
127,34,1.374812,0.747491,0.474437,0.466588
127,35,1.381601,0.738582,0.476475,0.471918
127,36,1.365778,0.737782,0.481789,0.473377
127,37,1.377525,0.738450,0.478789,0.474730
127,38,1.361144,0.741339,0.482447,0.471488
127,39,1.359717,0.746837,0.483692,0.471587
127,40,1.363163,0.738464,0.482315,0.470191
127,41,1.371341,0.743036,0.482460,0.473734
127,42,1.366611,0.734200,0.487470,0.474443
127,43,1.383580,0.737138,0.489790,0.479525
127,44,1.350322,0.740668,0.489381,0.479509
127,45,1.365422,0.752408,0.481391,0.474636
127,46,1.377901,0.757929,0.471765,0.467415
127,47,1.377269,0.762370,0.473107,0.466004
127,48,1.378565,0.764781,0.467243,0.466403
127,49,1.385144,0.755220,0.467005,0.463454
128,1,1.396764,0.747732,0.466493,0.466217
128,2,1.387814,0.749952,0.467757,0.467150
128,3,1.382391,0.743405,0.471522,0.470149
128,4,1.377321,0.743543,0.474311,0.470386
128,5,1.377790,0.740445,0.477466,0.472996
128,6,1.362436,0.746582,0.478704,0.471284
128,7,1.379193,0.748912,0.480601,0.471372
128,8,1.366333,0.741781,0.484151,0.472860
128,9,1.361492,0.745216,0.487893,0.473691
128,10,1.374760,0.748852,0.480673,0.474083
128,11,1.369964,0.757117,0.477250,0.469330
128,12,1.372337,0.761765,0.472774,0.465376
128,13,1.372294,0.765116,0.473376,0.463236
128,14,1.385680,0.745082,0.470972,0.468338
128,15,1.380445,0.746241,0.472686,0.472025
128,16,1.374059,0.745645,0.478014,0.474885
128,17,1.376461,0.742752,0.478933,0.473399
128,18,1.371819,0.743922,0.476340,0.470027
128,19,1.375138,0.755191,0.478667,0.470239
128,20,1.374950,0.746863,0.477802,0.469781
128,21,1.352256,0.756792,0.478658,0.470561
128,22,1.361086,0.767012,0.478755,0.466576
128,23,1.360641,0.769931,0.470703,0.459632
128,24,1.381573,0.762767,0.468364,0.454660
128,25,1.386848,0.731699,0.473792,0.462466
128,26,1.365158,0.717134,0.498465,0.482967
128,27,1.379249,0.728074,0.496990,0.492664
128,28,1.374660,0.734000,0.491939,0.482890
128,29,1.361542,0.739887,0.490410,0.477105
128,30,1.365396,0.767240,0.482833,0.475842
128,31,1.381869,0.771438,0.468829,0.466000
128,32,1.370862,0.770065,0.468815,0.459075
128,33,1.379972,0.770076,0.461440,0.459881
128,34,1.380815,0.765715,0.462397,0.460083
128,35,1.384951,0.766762,0.457250,0.459585
128,36,1.397036,0.760717,0.457835,0.461189
128,37,1.385266,0.756176,0.464593,0.467894
128,38,1.377284,0.752184,0.469110,0.468093
128,39,1.365247,0.758807,0.468569,0.466736
128,40,1.365725,0.768426,0.467872,0.464723
128,41,1.379605,0.770447,0.460682,0.458807
128,42,1.369677,0.765603,0.469282,0.458535
128,43,1.389912,0.759933,0.460516,0.459946
128,44,1.384675,0.754119,0.464264,0.465825
128,45,1.379330,0.752736,0.469986,0.467962
128,46,1.382116,0.748901,0.468907,0.467862
128,47,1.375252,0.747555,0.477246,0.471282
128,48,1.384557,0.734255,0.476448,0.472148
128,49,1.369516,0.733506,0.480774,0.476649
129,1,1.372117,0.734806,0.487155,0.478729
129,2,1.362450,0.727886,0.491839,0.478026
129,3,1.374592,0.721841,0.487215,0.481432
129,4,1.380021,0.700322,0.495013,0.488150
129,5,1.380699,0.704199,0.507800,0.503623
129,6,1.378058,0.695069,0.504185,0.499264
129,7,1.388278,0.703769,0.508230,0.504682
129,8,1.395899,0.711745,0.494173,0.501012
129,9,1.376464,0.730007,0.496200,0.491892
129,10,1.386563,0.742302,0.484535,0.483196
129,11,1.369368,0.745929,0.488489,0.474321
129,12,1.369282,0.745208,0.485141,0.473429
129,13,1.362556,0.746520,0.483127,0.470776
129,14,1.372600,0.753487,0.479897,0.471261
129,15,1.377270,0.762162,0.477788,0.473037
129,16,1.369303,0.778656,0.478268,0.464053
129,17,1.361366,0.779660,0.469318,0.457172
129,18,1.366645,0.783943,0.467790,0.453959
129,19,1.382318,0.777683,0.453771,0.450236
129,20,1.371192,0.778749,0.469232,0.458962
129,21,1.380985,0.748615,0.465884,0.463331
129,22,1.374631,0.749703,0.476937,0.470786
129,23,1.364906,0.753166,0.477835,0.471072
129,24,1.365610,0.772209,0.468470,0.467524
129,25,1.385416,0.771539,0.460036,0.456967
129,26,1.381662,0.764491,0.464465,0.455465
129,27,1.372711,0.757360,0.475821,0.463950
129,28,1.358917,0.744513,0.485812,0.469541
129,29,1.356155,0.739722,0.499510,0.479750
129,30,1.376298,0.710910,0.498067,0.490376
129,31,1.406331,0.703469,0.501880,0.508032
129,32,1.397286,0.698415,0.503383,0.510954
129,33,1.395619,0.699764,0.510373,0.514447
129,34,1.384285,0.737409,0.508001,0.501792
129,35,1.340385,0.762783,0.516255,0.480531
129,36,1.343248,0.777302,0.510300,0.466989
129,37,1.316185,0.773701,0.514838,0.468208
129,38,1.355468,0.747352,0.546713,0.491113
129,39,1.356665,0.731422,0.528489,0.503872
129,40,1.391364,0.747510,0.507331,0.505924
129,41,1.440423,0.770685,0.481459,0.502340
129,42,1.420998,0.807550,0.446539,0.468367
129,43,1.374001,0.799054,0.449670,0.442587
129,44,1.372277,0.801553,0.450207,0.441008
129,45,1.371629,0.789790,0.454062,0.441141
129,46,1.352019,0.787519,0.459259,0.444307
129,47,1.357041,0.787161,0.463766,0.445356
129,48,1.362064,0.778192,0.468404,0.448777
129,49,1.372838,0.762558,0.475382,0.453217
130,1,1.371957,0.754980,0.474615,0.466999
130,2,1.388689,0.746305,0.483123,0.472673
130,3,1.395106,0.740442,0.478400,0.482337
130,4,1.396455,0.770039,0.469782,0.480454
130,5,1.374684,0.795152,0.464206,0.464288
130,6,1.372277,0.815122,0.457300,0.451553
130,7,1.365746,0.814543,0.457090,0.444888
130,8,1.385797,0.807683,0.455558,0.447502
130,9,1.378861,0.789293,0.455205,0.452259
130,10,1.397883,0.775211,0.455091,0.457594
130,11,1.379843,0.768160,0.462056,0.459422
130,12,1.388628,0.768729,0.458482,0.462551
130,13,1.376790,0.776685,0.461504,0.458186
130,14,1.375124,0.776258,0.462035,0.456756
130,15,1.348804,0.784705,0.466672,0.457457
130,16,1.379070,0.769419,0.462000,0.458602
130,17,1.386335,0.750867,0.462759,0.465820
130,18,1.392041,0.739584,0.472584,0.473406
130,19,1.383041,0.734553,0.480238,0.475492
130,20,1.367569,0.739782,0.492123,0.479002
130,21,1.333452,0.750448,0.506189,0.474688
130,22,1.351670,0.757149,0.499074,0.467885
130,23,1.331198,0.761041,0.499623,0.468547
130,24,1.351337,0.754945,0.498599,0.468062
130,25,1.353725,0.735765,0.496758,0.475125
130,26,1.372303,0.710666,0.497400,0.490661
130,27,1.367784,0.714174,0.508945,0.499214
130,28,1.382089,0.729360,0.502653,0.496414
130,29,1.354738,0.740272,0.501424,0.481292
130,30,1.351139,0.746679,0.503477,0.483777
130,31,1.373246,0.761438,0.490990,0.478278
130,32,1.371013,0.771312,0.477330,0.466108
130,33,1.374493,0.787055,0.473933,0.473233
130,34,1.396364,0.789435,0.457096,0.462214
130,35,1.384107,0.793272,0.445376,0.451579
130,36,1.404437,0.788999,0.446857,0.449100
130,37,1.396067,0.791184,0.448228,0.446117
130,38,1.409927,0.779180,0.450044,0.447385
130,39,1.402051,0.772268,0.452613,0.452245
130,40,1.384199,0.773798,0.460865,0.458521
130,41,1.386265,0.778511,0.458376,0.455554
130,42,1.379326,0.775045,0.459967,0.457327
130,43,1.389220,0.779421,0.460590,0.456009
130,44,1.392425,0.775679,0.457349,0.456352
130,45,1.379381,0.773834,0.463341,0.457273
130,46,1.374083,0.773148,0.466395,0.459659
130,47,1.377331,0.780666,0.461874,0.456880
130,48,1.372617,0.769549,0.467072,0.456836
130,49,1.376570,0.762570,0.462525,0.457640
131,1,1.396550,0.754825,0.464410,0.463076
131,2,1.379680,0.744077,0.472242,0.468715
131,3,1.361417,0.745937,0.479666,0.467529
131,4,1.359764,0.740102,0.487868,0.471042
131,5,1.368954,0.729460,0.491962,0.474956
131,6,1.368884,0.725777,0.489768,0.484217
131,7,1.363312,0.731226,0.499647,0.484310
131,8,1.371971,0.744270,0.492414,0.482236
131,9,1.371934,0.748113,0.482980,0.474878
131,10,1.385659,0.741733,0.480123,0.474338
131,11,1.383430,0.751183,0.479834,0.475400
131,12,1.378939,0.753603,0.479282,0.475048
131,13,1.380756,0.748555,0.474252,0.470777
131,14,1.393340,0.735140,0.474568,0.482370
131,15,1.398131,0.728554,0.475274,0.485090
131,16,1.386730,0.730678,0.485511,0.488414
131,17,1.379503,0.738239,0.485889,0.480219
131,18,1.382831,0.742924,0.481315,0.479346
131,19,1.367619,0.749195,0.486667,0.476463
131,20,1.373332,0.759237,0.483612,0.474662
131,21,1.367621,0.758658,0.485087,0.471491
131,22,1.369523,0.757132,0.485614,0.475740
131,23,1.381984,0.770977,0.474140,0.473440
131,24,1.377174,0.762702,0.472295,0.469087
131,25,1.375994,0.780676,0.467939,0.461550
131,26,1.381565,0.776266,0.465052,0.458718
131,27,1.378527,0.761784,0.457323,0.455166
131,28,1.392570,0.759158,0.457748,0.462862
131,29,1.397600,0.750180,0.462314,0.464199
131,30,1.377719,0.743039,0.471405,0.468462
131,31,1.374781,0.746562,0.473578,0.472601
131,32,1.376106,0.749595,0.476337,0.471810
131,33,1.369797,0.747479,0.476570,0.464645
131,34,1.363008,0.746049,0.481191,0.469072
131,35,1.363379,0.742530,0.478106,0.470872
131,36,1.371629,0.738369,0.485573,0.472457
131,37,1.366726,0.731218,0.489773,0.478452
131,38,1.370773,0.729517,0.492001,0.482318
131,39,1.390850,0.717605,0.490584,0.492556
131,40,1.389570,0.717203,0.490846,0.493507
131,41,1.388875,0.739931,0.485274,0.491837
131,42,1.397202,0.749790,0.473806,0.484073
131,43,1.390873,0.755373,0.469503,0.477629
131,44,1.399272,0.766069,0.462760,0.467760
131,45,1.376028,0.775307,0.463498,0.459268
131,46,1.367473,0.771155,0.462216,0.457688
131,47,1.373804,0.781315,0.460611,0.453690
131,48,1.376067,0.771179,0.460567,0.457964
131,49,1.377759,0.774430,0.461626,0.456858
132,1,1.383926,0.769778,0.459491,0.454009
132,2,1.372949,0.762752,0.460832,0.457478
132,3,1.380076,0.756149,0.468868,0.461038
132,4,1.357118,0.759574,0.470604,0.462580
132,5,1.375547,0.758678,0.475010,0.463092
132,6,1.359616,0.752626,0.482199,0.466155
132,7,1.360177,0.744370,0.487354,0.471352
132,8,1.362323,0.749001,0.484587,0.473427
132,9,1.357269,0.736374,0.489825,0.472603
132,10,1.353186,0.734852,0.493723,0.474586
132,11,1.352605,0.732915,0.500177,0.476878
132,12,1.361699,0.737666,0.492339,0.478812
132,13,1.358958,0.725133,0.495458,0.480114
132,14,1.369977,0.731407,0.493189,0.483373
132,15,1.402259,0.737109,0.474293,0.483624
132,16,1.378753,0.744308,0.483696,0.479232
132,17,1.387516,0.750886,0.475856,0.478622
132,18,1.389706,0.756976,0.473088,0.468327
132,19,1.368681,0.779950,0.475126,0.464438
132,20,1.375858,0.769818,0.473922,0.462802
132,21,1.365217,0.771728,0.472074,0.462243
132,22,1.378157,0.771259,0.468362,0.461844
132,23,1.367672,0.759856,0.476059,0.465838
132,24,1.356318,0.768637,0.477524,0.465184
132,25,1.374661,0.766445,0.467131,0.464013
132,26,1.388350,0.772757,0.462996,0.459400
132,27,1.387209,0.766721,0.458184,0.460533
132,28,1.382095,0.756779,0.463431,0.461037
132,29,1.378707,0.756403,0.464718,0.465980
132,30,1.372133,0.749661,0.472085,0.466953
132,31,1.368297,0.747370,0.478522,0.468042
132,32,1.374797,0.736903,0.482787,0.473017
132,33,1.373543,0.733790,0.486316,0.477306
132,34,1.358536,0.732339,0.500037,0.478988
132,35,1.345803,0.715907,0.508703,0.480890
132,36,1.348629,0.714510,0.515589,0.489773
132,37,1.378680,0.710819,0.511538,0.504248
132,38,1.382246,0.719958,0.510299,0.499400
132,39,1.387007,0.730536,0.500918,0.498145
132,40,1.392840,0.749507,0.484463,0.486780
132,41,1.368699,0.770672,0.491814,0.474731
132,42,1.390855,0.781517,0.463516,0.464156
132,43,1.374988,0.792338,0.463005,0.455393
132,44,1.369074,0.794180,0.458822,0.449314
132,45,1.368538,0.792039,0.456734,0.446181
132,46,1.376683,0.788073,0.454708,0.451299
132,47,1.386931,0.784189,0.455048,0.453326
132,48,1.381507,0.774495,0.457840,0.454635
132,49,1.387990,0.767488,0.460192,0.455601
133,1,1.354777,0.763231,0.469221,0.459894
133,2,1.384963,0.761091,0.467553,0.461328
133,3,1.377240,0.758221,0.468374,0.464833
133,4,1.371751,0.752302,0.476403,0.465979
133,5,1.372712,0.753231,0.473978,0.468668
133,6,1.367728,0.758004,0.478738,0.468349
133,7,1.354598,0.759963,0.481588,0.466907
133,8,1.355915,0.753515,0.482293,0.468513
133,9,1.381991,0.749829,0.474783,0.469618
133,10,1.367530,0.758091,0.476915,0.467951
133,11,1.353993,0.757830,0.478494,0.465100
133,12,1.371065,0.746423,0.481884,0.468232
133,13,1.363390,0.749859,0.483347,0.471577
133,14,1.379706,0.747137,0.484506,0.473153
133,15,1.368316,0.744068,0.484958,0.473998
133,16,1.365820,0.737816,0.487425,0.478498
133,17,1.374112,0.738290,0.490793,0.480372
133,18,1.370353,0.725847,0.492638,0.485503
133,19,1.373350,0.736177,0.489749,0.482719
133,20,1.380966,0.762096,0.482038,0.484402
133,21,1.379408,0.761149,0.481439,0.474519
133,22,1.387995,0.789624,0.467043,0.472034
133,23,1.383401,0.795141,0.458604,0.454971
133,24,1.379815,0.799719,0.452402,0.449299
133,25,1.375561,0.797064,0.458325,0.449676
133,26,1.398870,0.772252,0.452241,0.448790
133,27,1.384258,0.761037,0.460394,0.461816
133,28,1.396574,0.747873,0.459169,0.466098
133,29,1.382961,0.749604,0.469551,0.471762
133,30,1.384304,0.756422,0.465564,0.466807
133,31,1.386518,0.767180,0.461360,0.465938
133,32,1.385423,0.767215,0.459860,0.460162
133,33,1.385004,0.770223,0.459104,0.456133
133,34,1.376533,0.768319,0.465486,0.456018
133,35,1.357987,0.770564,0.465704,0.459652
133,36,1.371725,0.770907,0.462220,0.452883
133,37,1.355330,0.772885,0.466145,0.452162
133,38,1.353896,0.777648,0.472267,0.451846
133,39,1.356409,0.779372,0.467998,0.450726
133,40,1.344312,0.781401,0.473686,0.448993
133,41,1.337447,0.779864,0.483735,0.450858
133,42,1.344637,0.766881,0.481830,0.453070
133,43,1.353141,0.765733,0.488387,0.459160
133,44,1.372254,0.717192,0.488468,0.473854
133,45,1.367812,0.709743,0.507576,0.497137
133,46,1.368128,0.695656,0.520928,0.500585
133,47,1.371120,0.704442,0.520563,0.511971
133,48,1.377482,0.720796,0.510782,0.508497
133,49,1.373939,0.730356,0.500021,0.493948
134,1,1.391735,0.736495,0.489595,0.490281
134,2,1.393270,0.732360,0.481402,0.488693
134,3,1.382409,0.749563,0.482701,0.482719
134,4,1.374613,0.767983,0.476990,0.477064
134,5,1.373614,0.761139,0.478338,0.467677
134,6,1.376427,0.760137,0.475643,0.469684
134,7,1.376093,0.755856,0.477517,0.469697
134,8,1.379770,0.742003,0.479654,0.476647
134,9,1.377521,0.731729,0.488649,0.483083
134,10,1.394076,0.730497,0.479625,0.488189
134,11,1.410531,0.737873,0.477824,0.489448
134,12,1.400241,0.751778,0.469400,0.478136
134,13,1.392043,0.751106,0.466677,0.469353
134,14,1.386204,0.756769,0.465947,0.470852
134,15,1.379106,0.756929,0.467404,0.464135
134,16,1.379488,0.755845,0.467975,0.464253
134,17,1.362614,0.762590,0.469644,0.464867
134,18,1.365919,0.760895,0.475889,0.461966
134,19,1.377163,0.758083,0.473256,0.465304
134,20,1.361488,0.758703,0.474157,0.466891
134,21,1.373173,0.755581,0.475930,0.464768
134,22,1.381710,0.751160,0.472598,0.470683
134,23,1.384964,0.748902,0.473590,0.474142
134,24,1.382555,0.741227,0.476490,0.473281
134,25,1.364149,0.748662,0.484765,0.474008
134,26,1.362778,0.765041,0.475012,0.473139
134,27,1.391730,0.777888,0.462975,0.465197
134,28,1.378367,0.781481,0.459982,0.457355
134,29,1.371122,0.785684,0.457224,0.451718
134,30,1.361657,0.797976,0.455575,0.449638
134,31,1.362027,0.801914,0.451365,0.443177
134,32,1.370516,0.805134,0.452496,0.439608
134,33,1.362313,0.795604,0.455409,0.445000
134,34,1.365066,0.784400,0.462117,0.445458
134,35,1.359681,0.779643,0.463005,0.449923
134,36,1.359125,0.772280,0.477126,0.458483
134,37,1.336451,0.761849,0.488144,0.461701
134,38,1.349859,0.761077,0.487608,0.471061
134,39,1.361772,0.759069,0.477437,0.469059
134,40,1.373699,0.761481,0.471386,0.466781
134,41,1.370727,0.766978,0.465933,0.464966
134,42,1.392319,0.761362,0.462936,0.459123
134,43,1.385445,0.756552,0.470727,0.469176
134,44,1.379318,0.755008,0.473146,0.472711
134,45,1.359026,0.752181,0.479081,0.467296
134,46,1.369204,0.760367,0.471735,0.469422
134,47,1.391870,0.761640,0.464822,0.468208
134,48,1.396262,0.755879,0.465062,0.465970
134,49,1.384309,0.745138,0.473831,0.470016
135,1,1.386501,0.750824,0.476087,0.477217
135,2,1.386064,0.751183,0.475309,0.476651
135,3,1.394113,0.762804,0.467444,0.472681
135,4,1.365096,0.787617,0.465986,0.463502
135,5,1.395316,0.792230,0.452982,0.451671
135,6,1.403579,0.778458,0.454470,0.448301
135,7,1.385999,0.770856,0.456141,0.456853
135,8,1.380761,0.772506,0.459940,0.458771
135,9,1.375466,0.771582,0.460177,0.457468
135,10,1.376801,0.772316,0.462663,0.458392
135,11,1.385500,0.772094,0.458067,0.456217
135,12,1.382039,0.765312,0.458559,0.455326
135,13,1.387395,0.763638,0.462024,0.460176
135,14,1.381946,0.752764,0.463566,0.460952
135,15,1.359869,0.758014,0.468490,0.463196
135,16,1.365744,0.758157,0.468900,0.461994
135,17,1.394216,0.757476,0.464664,0.464002
135,18,1.371784,0.760982,0.469458,0.465045
135,19,1.381524,0.756566,0.467221,0.464478
135,20,1.367966,0.754799,0.469404,0.462872
135,21,1.395369,0.749207,0.469458,0.463273
135,22,1.374761,0.750018,0.471048,0.467672
135,23,1.389205,0.745876,0.473578,0.469866
135,24,1.374849,0.744355,0.478548,0.473143
135,25,1.362772,0.749571,0.479198,0.470350
135,26,1.369930,0.751208,0.474712,0.466876
135,27,1.369733,0.758314,0.474453,0.465494
135,28,1.357640,0.761465,0.475195,0.464321
135,29,1.384989,0.759872,0.469498,0.463288
135,30,1.368697,0.760256,0.472173,0.464267
135,31,1.364063,0.746511,0.480808,0.463973
135,32,1.369301,0.743109,0.480750,0.466148
135,33,1.354264,0.731936,0.494201,0.474716
135,34,1.359891,0.730243,0.494756,0.477177
135,35,1.359745,0.725247,0.497513,0.481726
135,36,1.361270,0.739549,0.495562,0.485165
135,37,1.343603,0.743289,0.497495,0.474655
135,38,1.378392,0.746990,0.482098,0.476852
135,39,1.364827,0.750247,0.482864,0.472281
135,40,1.366424,0.749944,0.483927,0.471900
135,41,1.371842,0.736269,0.481195,0.468613
135,42,1.362960,0.735390,0.486236,0.477704
135,43,1.371718,0.742565,0.488486,0.475754
135,44,1.367299,0.746923,0.484469,0.474748
135,45,1.360794,0.741598,0.491900,0.477560
135,46,1.358412,0.737981,0.487405,0.473296
135,47,1.389655,0.744748,0.480101,0.475108
135,48,1.384662,0.736440,0.479233,0.483085
135,49,1.382266,0.745015,0.479097,0.477073
136,1,1.363333,0.756554,0.479759,0.467527
136,2,1.385779,0.770845,0.470751,0.469265
136,3,1.387436,0.769080,0.465173,0.460347
136,4,1.383435,0.777882,0.463178,0.458979
136,5,1.387170,0.771184,0.461090,0.457963
136,6,1.375847,0.763598,0.464054,0.459859
136,7,1.379115,0.757771,0.466013,0.463109
136,8,1.385992,0.746224,0.469868,0.464575
136,9,1.385820,0.751646,0.474651,0.470222
136,10,1.382372,0.741054,0.478199,0.475257
136,11,1.391055,0.740450,0.476312,0.478911
136,12,1.376620,0.746131,0.479802,0.477950
136,13,1.380749,0.747459,0.473435,0.474388
136,14,1.366684,0.747261,0.478637,0.469788
136,15,1.374274,0.749036,0.475226,0.469398
136,16,1.386163,0.744418,0.470822,0.467924
136,17,1.381507,0.747142,0.472449,0.471693
136,18,1.388888,0.741630,0.474279,0.473957
136,19,1.382355,0.740229,0.475916,0.472405
136,20,1.376681,0.737057,0.480356,0.474018
136,21,1.388866,0.728204,0.479904,0.478497
136,22,1.379491,0.731555,0.487191,0.481257
136,23,1.377945,0.726544,0.484701,0.480457
136,24,1.385012,0.727350,0.483347,0.480744
136,25,1.370226,0.732330,0.492737,0.483388
136,26,1.365083,0.725981,0.491594,0.478780
136,27,1.365999,0.735114,0.496512,0.481093
136,28,1.376735,0.742581,0.492308,0.478489
136,29,1.354482,0.742919,0.495906,0.477807
136,30,1.371279,0.738127,0.487880,0.479526
136,31,1.385834,0.733406,0.480166,0.483409
136,32,1.380179,0.738515,0.483895,0.484459
136,33,1.384995,0.739209,0.481891,0.479611
136,34,1.375101,0.740332,0.482533,0.474886
136,35,1.372904,0.752972,0.478760,0.473326
136,36,1.367385,0.762813,0.478222,0.466710
136,37,1.351788,0.771020,0.478243,0.458299
136,38,1.345338,0.776978,0.475530,0.456788
136,39,1.350477,0.778846,0.476804,0.458695
136,40,1.371040,0.768550,0.474892,0.462854
136,41,1.372384,0.748058,0.476746,0.471405
136,42,1.365711,0.752094,0.482403,0.473273
136,43,1.380898,0.755637,0.475573,0.470835
136,44,1.387722,0.770526,0.466860,0.468186
136,45,1.380792,0.754526,0.472805,0.464855
136,46,1.353663,0.761337,0.475146,0.460071
136,47,1.372907,0.775379,0.473851,0.470200
136,48,1.385289,0.777843,0.464386,0.462120
136,49,1.387214,0.781437,0.458191,0.450535
137,1,1.372409,0.771173,0.464276,0.455344
137,2,1.385551,0.765838,0.462008,0.462013
137,3,1.370113,0.785158,0.464648,0.461822
137,4,1.391366,0.776599,0.458774,0.457916
137,5,1.389074,0.765521,0.456619,0.460973
137,6,1.388841,0.762305,0.455529,0.460457
137,7,1.394582,0.760348,0.465115,0.464519
137,8,1.385685,0.754677,0.465659,0.467178
137,9,1.371911,0.754829,0.471362,0.463819
137,10,1.358916,0.753676,0.476897,0.466094
137,11,1.374164,0.747821,0.474991,0.466779
137,12,1.379809,0.734436,0.478921,0.470451
137,13,1.374409,0.731022,0.482459,0.474565
137,14,1.375263,0.728472,0.490037,0.482712
137,15,1.369325,0.727239,0.493589,0.484139
137,16,1.386464,0.724421,0.488114,0.488730
137,17,1.384535,0.731863,0.488799,0.486723
137,18,1.376788,0.737895,0.486812,0.480202
137,19,1.371134,0.737188,0.489236,0.482666
137,20,1.373021,0.741534,0.485398,0.477469
137,21,1.374452,0.755060,0.482762,0.476411
137,22,1.371232,0.744656,0.482791,0.472227
137,23,1.370959,0.741298,0.482381,0.474015
137,24,1.365997,0.737178,0.491884,0.476496
137,25,1.359807,0.740050,0.490876,0.477391
137,26,1.358545,0.749837,0.489552,0.474499
137,27,1.362746,0.749941,0.479957,0.472703
137,28,1.372163,0.743998,0.482255,0.476799
137,29,1.379626,0.734386,0.485071,0.474853
137,30,1.390894,0.731126,0.481945,0.480719
137,31,1.387431,0.738465,0.486627,0.485521
137,32,1.375850,0.740949,0.483737,0.477622
137,33,1.365197,0.745916,0.490746,0.476716
137,34,1.365571,0.745961,0.488885,0.474906
137,35,1.344778,0.750470,0.492803,0.475915
137,36,1.363564,0.765525,0.486079,0.475705
137,37,1.379720,0.777173,0.473017,0.468997
137,38,1.367474,0.779279,0.470523,0.458090
137,39,1.390315,0.786920,0.456713,0.455861
137,40,1.394428,0.788199,0.450142,0.457439
137,41,1.386469,0.789468,0.452751,0.450259
137,42,1.384758,0.787736,0.449697,0.450329
137,43,1.395388,0.780414,0.449875,0.447120
137,44,1.379159,0.772164,0.455679,0.450726
137,45,1.375823,0.772542,0.461638,0.459010
137,46,1.372075,0.762439,0.464701,0.458511
137,47,1.373767,0.752996,0.472176,0.459267
137,48,1.369399,0.757410,0.475862,0.468405
137,49,1.376664,0.763063,0.474415,0.466117
138,1,1.376809,0.760510,0.469815,0.459538
138,2,1.394041,0.752404,0.468003,0.467577
138,3,1.367385,0.739921,0.482743,0.474850
138,4,1.365970,0.740083,0.489035,0.478142
138,5,1.371357,0.740413,0.481442,0.477517
138,6,1.379405,0.740991,0.482011,0.480122
138,7,1.372217,0.752852,0.486437,0.480806
138,8,1.370547,0.756557,0.476740,0.467794
138,9,1.373345,0.762516,0.473133,0.470911
138,10,1.376746,0.759211,0.468741,0.465411
138,11,1.373392,0.762324,0.464244,0.464793
138,12,1.382802,0.752662,0.464687,0.464379
138,13,1.366826,0.755631,0.471672,0.467187
138,14,1.378488,0.750298,0.471383,0.466714
138,15,1.371166,0.746422,0.476470,0.466013
138,16,1.371022,0.749783,0.473869,0.469388
138,17,1.373052,0.742853,0.475327,0.471565
138,18,1.374541,0.741809,0.481134,0.471632
138,19,1.378938,0.739877,0.482105,0.473467
138,20,1.364541,0.732423,0.490470,0.477424
138,21,1.373610,0.734784,0.487187,0.478964
138,22,1.369865,0.725738,0.490217,0.479024
138,23,1.364270,0.724476,0.494841,0.480363
138,24,1.382742,0.735996,0.488974,0.487334
138,25,1.381845,0.734753,0.490430,0.486629
138,26,1.378490,0.743791,0.482793,0.479072
138,27,1.370740,0.749956,0.483692,0.473091
138,28,1.375221,0.766232,0.475112,0.471547
138,29,1.388098,0.769438,0.470524,0.464076
138,30,1.358786,0.782265,0.471334,0.460400
138,31,1.356829,0.793190,0.466348,0.452472
138,32,1.393327,0.787206,0.456091,0.447278
138,33,1.393816,0.780843,0.455341,0.450969
138,34,1.358241,0.764577,0.471006,0.454895
138,35,1.357343,0.758936,0.473668,0.456951
138,36,1.356135,0.762511,0.481295,0.466161
138,37,1.374967,0.748899,0.476930,0.466069
138,38,1.356697,0.750202,0.486704,0.468757
138,39,1.362145,0.743093,0.482172,0.471660
138,40,1.356848,0.746371,0.490207,0.471859
138,41,1.373328,0.733815,0.478107,0.469648
138,42,1.365251,0.724809,0.494080,0.482939
138,43,1.389902,0.713918,0.489464,0.493943
138,44,1.386036,0.713855,0.497817,0.493535
138,45,1.383093,0.710637,0.499716,0.496120
138,46,1.392915,0.716683,0.491481,0.498448
138,47,1.387316,0.732849,0.494855,0.494454
138,48,1.373014,0.748678,0.488168,0.484742
138,49,1.379124,0.752828,0.479453,0.473959
139,1,1.370564,0.770476,0.472966,0.466403
139,2,1.372148,0.781452,0.473905,0.465831
139,3,1.364292,0.787373,0.462985,0.458091
139,4,1.366908,0.793730,0.460552,0.451422
139,5,1.388217,0.784492,0.456887,0.451441
139,6,1.377892,0.773371,0.458542,0.458261
139,7,1.386722,0.764133,0.459397,0.457765
139,8,1.389462,0.754415,0.466079,0.464170
139,9,1.385602,0.750754,0.466170,0.468358
139,10,1.381137,0.745705,0.471549,0.470004
139,11,1.373923,0.748013,0.473692,0.469213
139,12,1.385399,0.749068,0.472478,0.469588
139,13,1.376329,0.762206,0.475417,0.468057
139,14,1.367232,0.764289,0.473710,0.463882
139,15,1.364236,0.761107,0.473588,0.465443
139,16,1.375921,0.763969,0.470416,0.463248
139,17,1.362516,0.754265,0.475915,0.462088
139,18,1.367376,0.756819,0.480156,0.467805
139,19,1.370101,0.731847,0.483936,0.469863
139,20,1.366105,0.723410,0.498105,0.486454
139,21,1.390195,0.712924,0.493505,0.492386
139,22,1.372597,0.722663,0.499902,0.491142
139,23,1.386424,0.740414,0.486922,0.489758
139,24,1.388746,0.757216,0.479939,0.480952
139,25,1.393430,0.759799,0.468045,0.467062
139,26,1.378658,0.761044,0.471908,0.467469
139,27,1.368431,0.762911,0.474876,0.464687
139,28,1.370630,0.770896,0.471709,0.465685
139,29,1.375892,0.771153,0.463603,0.460219
139,30,1.370110,0.775244,0.458359,0.455704
139,31,1.378714,0.782562,0.456271,0.453341
139,32,1.366112,0.772703,0.462512,0.454503
139,33,1.381946,0.769397,0.459858,0.454549
139,34,1.362588,0.765558,0.467143,0.457543
139,35,1.370651,0.762622,0.474577,0.462991
139,36,1.355554,0.747774,0.484416,0.464364
139,37,1.349985,0.737164,0.496994,0.473561
139,38,1.370927,0.733409,0.491629,0.480244
139,39,1.373138,0.712205,0.501272,0.486618
139,40,1.396850,0.713306,0.493722,0.496529
139,41,1.383031,0.709125,0.498117,0.491119
139,42,1.390403,0.698657,0.493563,0.497797
139,43,1.396091,0.714693,0.492828,0.500101
139,44,1.379646,0.736322,0.491382,0.487780
139,45,1.378296,0.752186,0.478599,0.477218
139,46,1.371951,0.777980,0.476053,0.468105
139,47,1.369749,0.791610,0.468749,0.459376
139,48,1.388897,0.786108,0.458411,0.449733
139,49,1.376622,0.782511,0.460616,0.454140
140,1,1.377663,0.770667,0.462681,0.453851
140,2,1.374821,0.756942,0.468080,0.458611
140,3,1.380617,0.747990,0.469594,0.466496
140,4,1.357635,0.746133,0.483392,0.467782
140,5,1.368249,0.752557,0.478771,0.469000
140,6,1.370360,0.743128,0.484381,0.471237
140,7,1.373370,0.743748,0.483101,0.473803
140,8,1.373552,0.739315,0.481843,0.472685
140,9,1.366035,0.742909,0.484319,0.475792
140,10,1.352026,0.731251,0.492779,0.472882
140,11,1.370169,0.724017,0.487082,0.478384
140,12,1.386872,0.719601,0.490395,0.489226
140,13,1.381449,0.714152,0.500180,0.492847
140,14,1.379892,0.714589,0.496195,0.491897
140,15,1.381804,0.716905,0.495095,0.491653
140,16,1.379759,0.722295,0.495765,0.492024
140,17,1.377742,0.727688,0.497047,0.492308
140,18,1.377334,0.731154,0.491830,0.482874
140,19,1.369894,0.732008,0.492459,0.484519
140,20,1.377779,0.730464,0.491182,0.485989
140,21,1.372343,0.740817,0.491061,0.483116
140,22,1.381098,0.751800,0.483964,0.478827
140,23,1.380107,0.772887,0.472709,0.468975
140,24,1.374578,0.788069,0.467015,0.461327
140,25,1.358653,0.793313,0.464437,0.454309
140,26,1.384918,0.797150,0.460182,0.450788
140,27,1.356806,0.782815,0.467578,0.450236
140,28,1.362418,0.773536,0.466743,0.455865
140,29,1.391389,0.748044,0.463722,0.462626
140,30,1.384467,0.743113,0.472185,0.471095
140,31,1.390042,0.726773,0.475672,0.480462
140,32,1.389747,0.723544,0.479805,0.482782
140,33,1.377788,0.722412,0.488989,0.483678
140,34,1.372899,0.731853,0.489992,0.483914
140,35,1.369161,0.736823,0.488096,0.480734
140,36,1.357984,0.734984,0.496333,0.474854
140,37,1.365314,0.732963,0.491826,0.481115
140,38,1.344056,0.731350,0.505116,0.479610
140,39,1.371158,0.730982,0.498341,0.482297
140,40,1.381054,0.740060,0.490052,0.483438
140,41,1.356911,0.746389,0.495121,0.484405
140,42,1.387847,0.760252,0.476848,0.472017
140,43,1.368939,0.762064,0.476385,0.465873
140,44,1.367688,0.774350,0.470369,0.464106
140,45,1.375145,0.775278,0.467127,0.459696
140,46,1.362161,0.790435,0.464685,0.453715
140,47,1.367852,0.804674,0.462134,0.452422
140,48,1.342923,0.820090,0.457853,0.441341
140,49,1.401479,0.802416,0.447892,0.436452
141,1,1.356926,0.791918,0.448029,0.445693
141,2,1.364617,0.803988,0.452842,0.442531
141,3,1.373815,0.798531,0.449324,0.445570
141,4,1.384258,0.781486,0.446759,0.446226
141,5,1.359856,0.772840,0.453319,0.447370
141,6,1.378641,0.767760,0.457366,0.458115
141,7,1.394904,0.748597,0.459809,0.459612
141,8,1.381262,0.746183,0.471122,0.468618
141,9,1.380254,0.751146,0.470689,0.471172
141,10,1.387803,0.748595,0.470640,0.470337
141,11,1.385747,0.742422,0.472761,0.470478
141,12,1.370458,0.743927,0.480038,0.471212
141,13,1.382429,0.737583,0.481018,0.477706
141,14,1.364399,0.747280,0.485831,0.475519
141,15,1.364911,0.753702,0.482599,0.470833
141,16,1.379256,0.767561,0.473033,0.470073
141,17,1.361304,0.769742,0.476264,0.463717
141,18,1.360457,0.788875,0.468937,0.461330
141,19,1.368635,0.784542,0.468120,0.452742
141,20,1.371218,0.770011,0.465701,0.450605
141,21,1.385871,0.750328,0.468690,0.461846
141,22,1.383755,0.743239,0.470834,0.472357
141,23,1.387484,0.734650,0.479752,0.475522
141,24,1.377199,0.722616,0.491345,0.482550
141,25,1.395303,0.714234,0.486788,0.488246
141,26,1.370827,0.723662,0.499224,0.490624
141,27,1.386698,0.721214,0.491699,0.490007
141,28,1.387007,0.725569,0.489514,0.489930
141,29,1.376198,0.735751,0.484256,0.480657
141,30,1.382977,0.743187,0.483102,0.480502
141,31,1.396957,0.732886,0.480233,0.477586
141,32,1.380387,0.737023,0.483085,0.480440
141,33,1.379654,0.743144,0.481640,0.478307
141,34,1.379929,0.750422,0.479460,0.476269
141,35,1.381917,0.751536,0.475031,0.473443
141,36,1.366201,0.764723,0.477733,0.466021
141,37,1.364162,0.769770,0.472478,0.463248
141,38,1.372066,0.772323,0.467834,0.458500
141,39,1.365654,0.772287,0.463792,0.458285
141,40,1.383413,0.764300,0.460995,0.458741
141,41,1.382795,0.757920,0.460749,0.460782
141,42,1.380566,0.747492,0.470465,0.465139
141,43,1.378335,0.729613,0.479079,0.474666
141,44,1.365988,0.722028,0.492172,0.482153
141,45,1.363922,0.717655,0.495857,0.483072
141,46,1.365438,0.721107,0.497749,0.488082
141,47,1.378899,0.728699,0.499660,0.490317
141,48,1.371614,0.736560,0.491548,0.483713
141,49,1.367648,0.745650,0.491758,0.480416
142,1,1.366214,0.746788,0.486396,0.476402
142,2,1.369953,0.745043,0.485431,0.473797
142,3,1.383518,0.741149,0.481064,0.475049
142,4,1.348750,0.758504,0.487447,0.473777
142,5,1.386065,0.756483,0.474767,0.470147
142,6,1.380856,0.753980,0.473879,0.470003
142,7,1.371542,0.753869,0.477623,0.472655
142,8,1.376549,0.757111,0.475019,0.468312
142,9,1.367065,0.763836,0.472560,0.467943
142,10,1.382987,0.761452,0.468746,0.463581
142,11,1.370416,0.765320,0.472857,0.466078
142,12,1.378942,0.759291,0.479086,0.465860
142,13,1.346314,0.749911,0.489472,0.465600
142,14,1.378805,0.737557,0.487860,0.471243
142,15,1.343523,0.733343,0.508545,0.483052
142,16,1.373603,0.717543,0.501734,0.489813
142,17,1.373017,0.714621,0.505068,0.494816
142,18,1.389185,0.727084,0.495532,0.496304
142,19,1.383925,0.736402,0.486043,0.486362
142,20,1.373156,0.742327,0.483506,0.476468
142,21,1.381064,0.751677,0.473844,0.473536
142,22,1.381521,0.732086,0.477538,0.470999
142,23,1.383111,0.723965,0.477010,0.478286
142,24,1.390426,0.723482,0.486128,0.483877
142,25,1.398857,0.724822,0.484437,0.490215
142,26,1.383521,0.730808,0.489540,0.485144
142,27,1.385105,0.742568,0.483061,0.486190
142,28,1.385724,0.759196,0.478134,0.478083
142,29,1.387918,0.762045,0.462933,0.463295
142,30,1.383927,0.769266,0.466192,0.465825
142,31,1.370425,0.781706,0.457982,0.454291
142,32,1.381527,0.787883,0.450607,0.451046
142,33,1.394071,0.791051,0.450745,0.447661
142,34,1.378374,0.781766,0.452975,0.449282
142,35,1.378304,0.778570,0.451809,0.450171
142,36,1.393277,0.773554,0.456908,0.452361
142,37,1.389466,0.764644,0.457417,0.457451
142,38,1.374097,0.756457,0.465373,0.460094
142,39,1.375852,0.750999,0.466468,0.460804
142,40,1.377728,0.754386,0.472027,0.466739
142,41,1.377278,0.743195,0.472368,0.468206
142,42,1.379800,0.743992,0.475922,0.472380
142,43,1.376620,0.740544,0.475456,0.473794
142,44,1.374263,0.741562,0.479562,0.471842
142,45,1.370620,0.739707,0.480190,0.474009
142,46,1.366063,0.734842,0.486077,0.472266
142,47,1.374199,0.728242,0.483042,0.476555
142,48,1.383816,0.729793,0.489221,0.485928
142,49,1.374289,0.742473,0.487395,0.479617
143,1,1.371540,0.763735,0.482041,0.475146
143,2,1.369793,0.769885,0.474086,0.462642
143,3,1.357883,0.769970,0.477289,0.459252
143,4,1.352344,0.775072,0.475132,0.458439
143,5,1.363574,0.770341,0.471546,0.461765
143,6,1.369597,0.761121,0.469829,0.462404
143,7,1.373221,0.762233,0.465897,0.461096
143,8,1.366528,0.757381,0.471162,0.463755
143,9,1.389948,0.746603,0.465445,0.464987
143,10,1.362993,0.738229,0.485774,0.473821
143,11,1.368981,0.727522,0.486736,0.478411
143,12,1.382426,0.709980,0.486898,0.481920
143,13,1.379417,0.716290,0.495255,0.493283
143,14,1.377990,0.728449,0.495709,0.493286
143,15,1.393937,0.736047,0.483446,0.485079
143,16,1.376374,0.746899,0.480174,0.473802
143,17,1.381717,0.755658,0.475778,0.474334
143,18,1.374462,0.763363,0.471967,0.464710
143,19,1.367950,0.765982,0.472139,0.462844
143,20,1.383845,0.772194,0.465291,0.459336
143,21,1.381148,0.779314,0.464855,0.460697
143,22,1.378650,0.779246,0.462520,0.452323
143,23,1.373499,0.781415,0.460859,0.454282
143,24,1.374218,0.772746,0.463586,0.457228
143,25,1.376679,0.762376,0.461450,0.458617
143,26,1.375368,0.757056,0.463778,0.460172
143,27,1.371453,0.754305,0.468382,0.461357
143,28,1.364149,0.757224,0.471476,0.467063
143,29,1.372323,0.751509,0.473532,0.463701
143,30,1.373335,0.751242,0.475489,0.466515
143,31,1.370478,0.738121,0.479793,0.471409
143,32,1.364321,0.731888,0.488050,0.474830
143,33,1.374115,0.731873,0.491679,0.484755
143,34,1.366592,0.730862,0.498097,0.485260
143,35,1.369694,0.740928,0.486456,0.479668
143,36,1.374365,0.738117,0.484227,0.477663
143,37,1.377910,0.745613,0.484757,0.482007
143,38,1.382780,0.763314,0.477097,0.476461
143,39,1.388486,0.758011,0.471001,0.462385
143,40,1.385608,0.748875,0.474129,0.468962
143,41,1.384256,0.740255,0.477733,0.473104
143,42,1.366185,0.742871,0.485611,0.475051
143,43,1.360205,0.752325,0.484736,0.472161
143,44,1.371450,0.743484,0.481954,0.472186
143,45,1.359335,0.740997,0.483915,0.471563
143,46,1.364587,0.736686,0.488383,0.474591
143,47,1.360235,0.745115,0.488659,0.478433
143,48,1.361348,0.740935,0.491182,0.475603
143,49,1.376649,0.723265,0.485082,0.479064
144,1,1.385847,0.722873,0.488779,0.484398
144,2,1.372018,0.721465,0.497515,0.483579
144,3,1.378333,0.735490,0.487028,0.480584
144,4,1.381677,0.726959,0.485571,0.479297
144,5,1.376868,0.714837,0.488480,0.482609
144,6,1.384130,0.719065,0.491779,0.489328
144,7,1.387148,0.716830,0.489377,0.489325
144,8,1.383860,0.726386,0.493855,0.490311
144,9,1.379210,0.738061,0.485694,0.482982
144,10,1.379641,0.740558,0.487057,0.481572
144,11,1.365837,0.754604,0.478543,0.474060
144,12,1.370462,0.760925,0.478440,0.466328
144,13,1.363372,0.761108,0.477896,0.465118
144,14,1.368366,0.758926,0.478070,0.465980
144,15,1.365347,0.753517,0.483746,0.466683
144,16,1.355338,0.745275,0.487338,0.466640
144,17,1.354452,0.751608,0.493528,0.475765
144,18,1.362336,0.750346,0.485791,0.473052
144,19,1.369901,0.761909,0.484991,0.472130
144,20,1.361394,0.763680,0.481077,0.469667
144,21,1.383786,0.763138,0.467377,0.464110
144,22,1.379564,0.774669,0.469510,0.465226
144,23,1.384432,0.764050,0.467848,0.462195
144,24,1.367056,0.768210,0.471254,0.462808
144,25,1.374684,0.780808,0.463245,0.462105
144,26,1.382076,0.773566,0.459679,0.457904
144,27,1.371996,0.773818,0.464087,0.458160
144,28,1.377783,0.760880,0.470738,0.460843
144,29,1.361611,0.764534,0.468366,0.464623
144,30,1.369065,0.758424,0.475062,0.463631
144,31,1.369268,0.748067,0.476688,0.465721
144,32,1.380850,0.758300,0.481569,0.477002
144,33,1.383883,0.761309,0.475754,0.477289
144,34,1.378034,0.773213,0.470448,0.468782
144,35,1.390744,0.777812,0.459930,0.461496
144,36,1.395079,0.771483,0.459857,0.459584
144,37,1.377788,0.762186,0.464533,0.462355
144,38,1.375287,0.757381,0.470759,0.462230
144,39,1.358099,0.750046,0.488444,0.467945
144,40,1.335199,0.728011,0.504835,0.473387
144,41,1.361698,0.713984,0.509552,0.492764
144,42,1.388154,0.713729,0.516020,0.506429
144,43,1.388288,0.711887,0.506752,0.505924
144,44,1.387285,0.731156,0.500780,0.502440
144,45,1.380059,0.750536,0.486788,0.482933
144,46,1.377435,0.769454,0.479837,0.476103
144,47,1.372442,0.786170,0.468110,0.463331
144,48,1.374874,0.788841,0.458636,0.450301
144,49,1.379569,0.793150,0.455643,0.450737
145,1,1.369528,0.803436,0.457313,0.448098
145,2,1.365728,0.790826,0.459607,0.446397
145,3,1.365657,0.780520,0.458286,0.448463
145,4,1.370454,0.779195,0.460852,0.451791
145,5,1.378353,0.772829,0.460899,0.456363
145,6,1.370303,0.758032,0.473125,0.458513
145,7,1.366582,0.746542,0.474434,0.466237
145,8,1.382947,0.744795,0.477699,0.473291
145,9,1.368817,0.744125,0.493106,0.478992
145,10,1.370425,0.746263,0.483502,0.474905
145,11,1.376794,0.759558,0.486478,0.479909
145,12,1.373652,0.765986,0.479929,0.473121
145,13,1.375370,0.758680,0.476665,0.468379
145,14,1.374061,0.757538,0.475557,0.471579
145,15,1.360599,0.772732,0.475675,0.466606
145,16,1.380666,0.779407,0.464408,0.458162
145,17,1.365381,0.774320,0.467900,0.454272
145,18,1.376711,0.770706,0.461599,0.460720
145,19,1.382782,0.754112,0.466843,0.461942
145,20,1.363588,0.749587,0.476931,0.468550
145,21,1.369104,0.754904,0.483589,0.468544
145,22,1.361825,0.763602,0.484482,0.470464
145,23,1.344640,0.782937,0.487636,0.467595
145,24,1.367767,0.779673,0.482059,0.466638
145,25,1.346410,0.778744,0.485323,0.461256
145,26,1.382043,0.763550,0.459294,0.458796
145,27,1.378198,0.762843,0.470438,0.465180
145,28,1.383641,0.749321,0.471007,0.466997
145,29,1.372640,0.738310,0.481921,0.470445
145,30,1.393852,0.733464,0.479870,0.484944
145,31,1.370333,0.743793,0.486885,0.476884
145,32,1.384336,0.756116,0.476369,0.473151
145,33,1.362968,0.763983,0.478082,0.466908
145,34,1.373437,0.769902,0.472567,0.460641
145,35,1.360965,0.753987,0.474985,0.456210
145,36,1.374877,0.756898,0.477984,0.471143
145,37,1.366382,0.758636,0.480783,0.473813
145,38,1.384400,0.765877,0.473801,0.473226
145,39,1.378132,0.775048,0.473862,0.471708
145,40,1.402618,0.752743,0.462068,0.462086
145,41,1.381491,0.769279,0.470815,0.465925
145,42,1.392393,0.762296,0.463032,0.463575
145,43,1.379192,0.768639,0.470087,0.465100
145,44,1.370558,0.760780,0.471714,0.465528
145,45,1.374075,0.766898,0.468456,0.466894
145,46,1.378513,0.756423,0.469528,0.470430
145,47,1.410034,0.762926,0.458550,0.473091
145,48,1.374503,0.776999,0.477772,0.471441
145,49,1.352828,0.789967,0.472203,0.456763
146,1,1.331996,0.799559,0.483599,0.445592
146,2,1.344733,0.782002,0.491729,0.450358
146,3,1.318501,0.765962,0.506220,0.465170
146,4,1.343267,0.720480,0.511619,0.476809
146,5,1.354978,0.688311,0.535758,0.511527
146,6,1.397436,0.671426,0.524473,0.528989
146,7,1.415187,0.683892,0.525594,0.532343
146,8,1.399062,0.700361,0.512761,0.517082
146,9,1.376928,0.733409,0.507051,0.498461
146,10,1.343412,0.755002,0.501350,0.478161
146,11,1.351683,0.770993,0.492441,0.471196
146,12,1.351275,0.774682,0.488748,0.467085
146,13,1.363402,0.776904,0.477933,0.465870
146,14,1.361964,0.791128,0.478633,0.464954
146,15,1.366216,0.794396,0.472191,0.455277
146,16,1.389870,0.787570,0.461028,0.458182
146,17,1.369798,0.782994,0.466180,0.459289
146,18,1.352081,0.800519,0.467367,0.458448
146,19,1.398506,0.817505,0.439042,0.445986
146,20,1.393803,0.806054,0.438282,0.440145
146,21,1.395185,0.794691,0.438866,0.441019
146,22,1.393571,0.779845,0.440638,0.445532
146,23,1.393779,0.773955,0.449639,0.452340
146,24,1.381476,0.759782,0.459903,0.459801
146,25,1.391622,0.754112,0.461902,0.464030
146,26,1.380543,0.762009,0.462596,0.465459
146,27,1.362202,0.772687,0.464180,0.458576
146,28,1.385215,0.774534,0.459890,0.455324
146,29,1.363128,0.782696,0.460395,0.453485
146,30,1.370398,0.774184,0.457389,0.452842
146,31,1.365266,0.774166,0.458159,0.453873
146,32,1.373352,0.768227,0.462043,0.458737
146,33,1.376327,0.764989,0.460978,0.458273
146,34,1.388882,0.759892,0.464075,0.461861
146,35,1.381139,0.755002,0.463962,0.465649
146,36,1.370583,0.751683,0.471997,0.465475
146,37,1.391082,0.747261,0.471691,0.470218
146,38,1.371750,0.740599,0.478270,0.469005
146,39,1.378868,0.749724,0.476527,0.473967
146,40,1.368881,0.746113,0.482992,0.473552
146,41,1.371568,0.742282,0.480040,0.470881
146,42,1.364808,0.750832,0.482138,0.473247
146,43,1.367260,0.746120,0.480810,0.473041
146,44,1.373769,0.755685,0.477620,0.471455
146,45,1.375553,0.755905,0.473249,0.469550
146,46,1.365997,0.759891,0.476594,0.468017
146,47,1.374485,0.757218,0.472327,0.467097
146,48,1.378037,0.754164,0.470123,0.463097
146,49,1.374269,0.743723,0.474673,0.467174
147,1,1.355787,0.743775,0.488624,0.471979
147,2,1.349696,0.744278,0.497147,0.471547
147,3,1.357587,0.741140,0.501573,0.474856
147,4,1.333886,0.750217,0.501374,0.473456
147,5,1.353531,0.734758,0.500513,0.472272
147,6,1.344015,0.753158,0.501657,0.475817
147,7,1.356548,0.771764,0.509794,0.474924
147,8,1.385348,0.771276,0.475854,0.467757
147,9,1.372270,0.746500,0.485365,0.470840
147,10,1.377030,0.730170,0.494014,0.485797
147,11,1.376893,0.732363,0.493010,0.491227
147,12,1.364352,0.748362,0.497071,0.483740
147,13,1.392614,0.786907,0.477972,0.484334
147,14,1.379689,0.822080,0.455047,0.452417
147,15,1.371815,0.825957,0.443056,0.437337
147,16,1.373463,0.824638,0.438034,0.431261
147,17,1.369341,0.804864,0.440417,0.433914
147,18,1.368139,0.800576,0.445437,0.439820
147,19,1.367554,0.783526,0.454829,0.443323
147,20,1.350785,0.783011,0.461103,0.447237
147,21,1.360612,0.773746,0.463407,0.450997
147,22,1.373200,0.760528,0.474430,0.459851
147,23,1.387474,0.749303,0.476397,0.470434
147,24,1.382339,0.728737,0.481651,0.480289
147,25,1.376373,0.733990,0.490957,0.486576
147,26,1.401426,0.731025,0.478210,0.486934
147,27,1.385012,0.739154,0.478341,0.480489
147,28,1.398083,0.739806,0.473358,0.477548
147,29,1.394105,0.741421,0.472104,0.477364
147,30,1.376578,0.759378,0.476013,0.473208
147,31,1.391420,0.753758,0.467144,0.470019
147,32,1.368252,0.757460,0.479662,0.468608
147,33,1.393461,0.762152,0.473894,0.473063
147,34,1.383763,0.775589,0.463392,0.463756
147,35,1.385239,0.788774,0.454738,0.458331
147,36,1.369280,0.804275,0.452736,0.450611
147,37,1.373758,0.804494,0.446575,0.442727
147,38,1.410484,0.786547,0.442697,0.444359
147,39,1.403396,0.774054,0.452443,0.448758
147,40,1.373001,0.768161,0.456120,0.453642
147,41,1.371269,0.763303,0.461765,0.457241
147,42,1.365759,0.767283,0.463849,0.456550
147,43,1.388707,0.767719,0.461219,0.457496
147,44,1.377235,0.758347,0.466626,0.459032
147,45,1.361398,0.754308,0.474542,0.462179
147,46,1.368804,0.758594,0.473746,0.461871
147,47,1.369205,0.762081,0.475976,0.464466
147,48,1.368666,0.769053,0.472636,0.466088
147,49,1.362568,0.768770,0.473464,0.461361
148,1,1.362061,0.767624,0.473936,0.458160
148,2,1.360767,0.749363,0.480950,0.460064
148,3,1.365164,0.740937,0.484801,0.470768
148,4,1.370871,0.732380,0.485666,0.477544
148,5,1.355684,0.733211,0.496201,0.479939
148,6,1.393169,0.746574,0.478809,0.478384
148,7,1.377440,0.761625,0.481443,0.472622
148,8,1.390575,0.755582,0.468393,0.470147
148,9,1.379934,0.764469,0.471425,0.465557
148,10,1.375320,0.762182,0.469587,0.465696
148,11,1.370657,0.763542,0.471204,0.463246
148,12,1.373988,0.757718,0.472870,0.467087
148,13,1.386378,0.754573,0.471615,0.470762
148,14,1.391824,0.736106,0.474862,0.473494
148,15,1.384495,0.727031,0.483937,0.480345
148,16,1.376845,0.720006,0.492853,0.481010
148,17,1.370951,0.725552,0.499479,0.488927
148,18,1.360465,0.720011,0.507905,0.487662
148,19,1.353143,0.734711,0.509283,0.489177
148,20,1.342325,0.734683,0.502005,0.478651
148,21,1.357487,0.736485,0.510744,0.484801
148,22,1.365129,0.732189,0.497901,0.486711
148,23,1.368753,0.723696,0.500595,0.493025
148,24,1.388680,0.723344,0.498280,0.502242
148,25,1.390674,0.742047,0.499091,0.489456
148,26,1.427127,0.749961,0.466209,0.481232
148,27,1.394496,0.767237,0.465412,0.472448
148,28,1.389526,0.774669,0.461491,0.463242
148,29,1.385788,0.777170,0.458276,0.453729
148,30,1.366625,0.785477,0.463390,0.452977
148,31,1.371196,0.777196,0.462227,0.451522
148,32,1.372196,0.780087,0.463966,0.454914
148,33,1.373765,0.777343,0.460581,0.452225
148,34,1.358751,0.789857,0.465106,0.453055
148,35,1.371489,0.784273,0.464541,0.448995
148,36,1.370811,0.781269,0.461308,0.450140
148,37,1.352971,0.786843,0.466181,0.450392
148,38,1.380005,0.792925,0.458543,0.451223
148,39,1.382786,0.790554,0.456772,0.452673
148,40,1.357155,0.804825,0.456482,0.448251
148,41,1.377331,0.794958,0.453661,0.445912
148,42,1.394755,0.784285,0.443310,0.443839
148,43,1.383192,0.779610,0.451664,0.450455
148,44,1.373265,0.772176,0.459983,0.458656
148,45,1.381671,0.769211,0.461539,0.455813
148,46,1.365843,0.769531,0.464612,0.457571
148,47,1.370475,0.763654,0.464566,0.458266
148,48,1.376132,0.754614,0.470103,0.459835
148,49,1.356288,0.758034,0.478251,0.465774
149,1,1.350494,0.762439,0.483885,0.463663
149,2,1.359497,0.757009,0.479573,0.466107
149,3,1.358539,0.763195,0.481096,0.465119
149,4,1.376974,0.761454,0.478077,0.466518
149,5,1.363104,0.746780,0.483623,0.468847
149,6,1.378540,0.754806,0.480594,0.478887
149,7,1.380519,0.749108,0.478274,0.473271
